Workbook

Sheet Dashboard
A1: WORKOUT PROGRAMMING DASHBOARD
A2: Overview of training balance, gaps, and suggested exercises
A4: KEY METRICS | E4: PATTERN BALANCE (Last 7 Days)
A5: Total Workouts (30d) | B5: =COUNTIF('Workout Log'!A4:A500,">="&TODAY()-30) -> 0 | E5: Pattern | F5: Count | G5: Target | H5: Status
A6: Total Workouts (7d) | B6: =COUNTIF('Workout Log'!A4:A500,">="&TODAY()-7) -> 0 | E6: ='Pattern Tracker'!A7 -> Squat | F6: ='Pattern Tracker'!B7 -> 0 | G6: ='Pattern Tracker'!G7 -> 2 | H6: =IF('Pattern Tracker'!H7=0,"OK",IF('Pattern Tracker'!H7>=2,"DEFICIT","LOW")) -> DEFICIT
A7: Avg Duration (min) | B7: =IFERROR(AVERAGEIFS('Workout Log'!E4:E500,'Workout Log'!A4:A500,">="&TODAY()-30),0) -> 0 | E7: ='Pattern Tracker'!A8 -> Hinge | F7: ='Pattern Tracker'!B8 -> 0 | G7: ='Pattern Tracker'!G8 -> 2 | H7: =IF('Pattern Tracker'!H8=0,"OK",IF('Pattern Tracker'!H8>=2,"DEFICIT","LOW")) -> DEFICIT
A8: Avg RPE (30d) | B8: =IFERROR(AVERAGEIFS('Workout Log'!O4:O500,'Workout Log'!A4:A500,">="&TODAY()-30),0) -> 0 | E8: ='Pattern Tracker'!A9 -> Push (Horizontal) | F8: ='Pattern Tracker'!B9 -> 0 | G8: ='Pattern Tracker'!G9 -> 2 | H8: =IF('Pattern Tracker'!H9=0,"OK",IF('Pattern Tracker'!H9>=2,"DEFICIT","LOW")) -> DEFICIT
A9: Biggest Deficit Pattern | B9: =IFERROR(INDEX('Pattern Tracker'!A7:A20,MATCH(MAX('Pattern Tracker'!H7:H20),'Pattern Tracker'!H7:H20,0)),"None") -> Squat | E9: ='Pattern Tracker'!A10 -> Push (Vertical) | F9: ='Pattern Tracker'!B10 -> 0 | G9: ='Pattern Tracker'!G10 -> 2 | H9: =IF('Pattern Tracker'!H10=0,"OK",IF('Pattern Tracker'!H10>=2,"DEFICIT","LOW")) -> DEFICIT
A10: Max Deficit Score | B10: =MAX('Pattern Tracker'!H7:H20) -> 2 | E10: ='Pattern Tracker'!A11 -> Pull (Horizontal) | F10: ='Pattern Tracker'!B11 -> 0 | G10: ='Pattern Tracker'!G11 -> 2 | H10: =IF('Pattern Tracker'!H11=0,"OK",IF('Pattern Tracker'!H11>=2,"DEFICIT","LOW")) -> DEFICIT
E11: ='Pattern Tracker'!A12 -> Pull (Vertical) | F11: ='Pattern Tracker'!B12 -> 0 | G11: ='Pattern Tracker'!G12 -> 2 | H11: =IF('Pattern Tracker'!H12=0,"OK",IF('Pattern Tracker'!H12>=2,"DEFICIT","LOW")) -> DEFICIT
E12: ='Pattern Tracker'!A13 -> Olympic - Snatch | F12: ='Pattern Tracker'!B13 -> 0 | G12: ='Pattern Tracker'!G13 -> 2 | H12: =IF('Pattern Tracker'!H13=0,"OK",IF('Pattern Tracker'!H13>=2,"DEFICIT","LOW")) -> DEFICIT
A13: TOP 10 RECOMMENDED EXERCISES | E13: ='Pattern Tracker'!A14 -> Olympic - Clean | F13: ='Pattern Tracker'!B14 -> 0 | G13: ='Pattern Tracker'!G14 -> 2 | H13: =IF('Pattern Tracker'!H14=0,"OK",IF('Pattern Tracker'!H14>=2,"DEFICIT","LOW")) -> DEFICIT
A14: Rank | B14: Exercise | C14: Coverage Score | E14: ='Pattern Tracker'!A15 -> Olympic - Jerk | F14: ='Pattern Tracker'!B15 -> 0 | G14: ='Pattern Tracker'!G15 -> 2 | H14: =IF('Pattern Tracker'!H15=0,"OK",IF('Pattern Tracker'!H15>=2,"DEFICIT","LOW")) -> DEFICIT
A15: 1 | B15: =IFERROR(INDEX('Need Vector'!A25:A84,MATCH(1,'Need Vector'!E25:E84,0)),"") -> Overhead Squat | C15: =IFERROR(INDEX('Need Vector'!D25:D84,MATCH(1,'Need Vector'!E25:E84,0)),"") -> 0.10714286 | E15: ='Pattern Tracker'!A16 -> Monostructural | F15: ='Pattern Tracker'!B16 -> 0 | G15: ='Pattern Tracker'!G16 -> 2 | H15: =IF('Pattern Tracker'!H16=0,"OK",IF('Pattern Tracker'!H16>=2,"DEFICIT","LOW")) -> DEFICIT
A16: 2 | B16: =IFERROR(INDEX('Need Vector'!A25:A84,MATCH(2,'Need Vector'!E25:E84,0)),"") | C16: =IFERROR(INDEX('Need Vector'!D25:D84,MATCH(2,'Need Vector'!E25:E84,0)),"") | E16: ='Pattern Tracker'!A17 -> Midline | F16: ='Pattern Tracker'!B17 -> 0 | G16: ='Pattern Tracker'!G17 -> 2 | H16: =IF('Pattern Tracker'!H17=0,"OK",IF('Pattern Tracker'!H17>=2,"DEFICIT","LOW")) -> DEFICIT
A17: 3 | B17: =IFERROR(INDEX('Need Vector'!A25:A84,MATCH(3,'Need Vector'!E25:E84,0)),"") | C17: =IFERROR(INDEX('Need Vector'!D25:D84,MATCH(3,'Need Vector'!E25:E84,0)),"") | E17: ='Pattern Tracker'!A18 -> Loaded Carry | F17: ='Pattern Tracker'!B18 -> 0 | G17: ='Pattern Tracker'!G18 -> 2 | H17: =IF('Pattern Tracker'!H18=0,"OK",IF('Pattern Tracker'!H18>=2,"DEFICIT","LOW")) -> DEFICIT
A18: 4 | B18: =IFERROR(INDEX('Need Vector'!A25:A84,MATCH(4,'Need Vector'!E25:E84,0)),"") | C18: =IFERROR(INDEX('Need Vector'!D25:D84,MATCH(4,'Need Vector'!E25:E84,0)),"") | E18: ='Pattern Tracker'!A19 -> Plyometric | F18: ='Pattern Tracker'!B19 -> 0 | G18: ='Pattern Tracker'!G19 -> 2 | H18: =IF('Pattern Tracker'!H19=0,"OK",IF('Pattern Tracker'!H19>=2,"DEFICIT","LOW")) -> DEFICIT
A19: 5 | B19: =IFERROR(INDEX('Need Vector'!A25:A84,MATCH(5,'Need Vector'!E25:E84,0)),"") | C19: =IFERROR(INDEX('Need Vector'!D25:D84,MATCH(5,'Need Vector'!E25:E84,0)),"") | E19: ='Pattern Tracker'!A20 -> Accessory | F19: ='Pattern Tracker'!B20 -> 0 | G19: ='Pattern Tracker'!G20 -> 2 | H19: =IF('Pattern Tracker'!H20=0,"OK",IF('Pattern Tracker'!H20>=2,"DEFICIT","LOW")) -> DEFICIT
A20: 6 | B20: =IFERROR(INDEX('Need Vector'!A25:A84,MATCH(6,'Need Vector'!E25:E84,0)),"") | C20: =IFERROR(INDEX('Need Vector'!D25:D84,MATCH(6,'Need Vector'!E25:E84,0)),"")
A21: 7 | B21: =IFERROR(INDEX('Need Vector'!A25:A84,MATCH(7,'Need Vector'!E25:E84,0)),"") | C21: =IFERROR(INDEX('Need Vector'!D25:D84,MATCH(7,'Need Vector'!E25:E84,0)),"")
A22: 8 | B22: =IFERROR(INDEX('Need Vector'!A25:A84,MATCH(8,'Need Vector'!E25:E84,0)),"") | C22: =IFERROR(INDEX('Need Vector'!D25:D84,MATCH(8,'Need Vector'!E25:E84,0)),"")
A23: 9 | B23: =IFERROR(INDEX('Need Vector'!A25:A84,MATCH(9,'Need Vector'!E25:E84,0)),"") | C23: =IFERROR(INDEX('Need Vector'!D25:D84,MATCH(9,'Need Vector'!E25:E84,0)),"")
A24: 10 | B24: =IFERROR(INDEX('Need Vector'!A25:A84,MATCH(10,'Need Vector'!E25:E84,0)),"") | C24: =IFERROR(INDEX('Need Vector'!D25:D84,MATCH(10,'Need Vector'!E25:E84,0)),"")

Sheet Exercise Library
A1: EXERCISE LIBRARY
A2: Master list of exercises with movement pattern classifications
A3: Exercise ID | B3: Exercise Name | C3: Primary Pattern | D3: Secondary Pattern | E3: Equipment | F3: Load Type | G3: Laterality | H3: Energy System | I3: Complexity | J3: Notes
A4: EX001 | B4: Back Squat | C4: Squat | E4: Barbell | F4: Heavy | G4: Bilateral | H4: Phosphagen | I4: Low
A5: EX002 | B5: Front Squat | C5: Squat | E5: Barbell | F5: Heavy | G5: Bilateral | H5: Phosphagen | I5: Medium
A6: EX003 | B6: Overhead Squat | C6: Squat | D6: Push (Vertical) | E6: Barbell | F6: Moderate | G6: Bilateral | H6: Phosphagen | I6: High
A7: EX004 | B7: Air Squat | C7: Squat | E7: Bodyweight | F7: Bodyweight | G7: Bilateral | H7: Mixed | I7: Low
A8: EX005 | B8: Pistol Squat | C8: Squat | D8: Midline | E8: Bodyweight | F8: Bodyweight | G8: Unilateral | H8: Mixed | I8: High
A9: EX006 | B9: Wall Ball | C9: Squat | D9: Push (Vertical) | E9: Medicine Ball | F9: Light | G9: Bilateral | H9: Glycolytic | I9: Low
A10: EX007 | B10: Thruster | C10: Squat | D10: Push (Vertical) | E10: Barbell | F10: Moderate | G10: Bilateral | H10: Glycolytic | I10: Medium
A11: EX008 | B11: Deadlift | C11: Hinge | E11: Barbell | F11: Heavy | G11: Bilateral | H11: Phosphagen | I11: Low
A12: EX009 | B12: Romanian Deadlift | C12: Hinge | E12: Barbell | F12: Moderate | G12: Bilateral | H12: Phosphagen | I12: Low
A13: EX010 | B13: Kettlebell Swing | C13: Hinge | D13: Midline | E13: Kettlebell | F13: Moderate | G13: Bilateral | H13: Glycolytic | I13: Low
A14: EX011 | B14: GHD Hip Extension | C14: Hinge | D14: Midline | E14: Machine | F14: Bodyweight | G14: Bilateral | H14: Phosphagen | I14: Medium
A15: EX012 | B15: Single-Leg RDL | C15: Hinge | E15: Dumbbell | F15: Moderate | G15: Unilateral | H15: Phosphagen | I15: Medium
A16: EX013 | B16: Strict Press | C16: Push (Vertical) | E16: Barbell | F16: Heavy | G16: Bilateral | H16: Phosphagen | I16: Low
A17: EX014 | B17: Push Press | C17: Push (Vertical) | D17: Squat | E17: Barbell | F17: Moderate | G17: Bilateral | H17: Glycolytic | I17: Medium
A18: EX015 | B18: Push Jerk | C18: Push (Vertical) | D18: Squat | E18: Barbell | F18: Moderate | G18: Bilateral | H18: Glycolytic | I18: Medium
A19: EX016 | B19: Handstand Push-Up | C19: Push (Vertical) | D19: Midline | E19: Bodyweight | F19: Bodyweight | G19: Bilateral | H19: Phosphagen | I19: High
A20: EX017 | B20: Bench Press | C20: Push (Horizontal) | E20: Barbell | F20: Heavy | G20: Bilateral | H20: Phosphagen | I20: Low
A21: EX018 | B21: Push-Up | C21: Push (Horizontal) | D21: Midline | E21: Bodyweight | F21: Bodyweight | G21: Bilateral | H21: Mixed | I21: Low
A22: EX019 | B22: Ring Dip | C22: Push (Vertical) | D22: Midline | E22: Rig/Bar | F22: Bodyweight | G22: Bilateral | H22: Phosphagen | I22: High
A23: EX020 | B23: Pull-Up | C23: Pull (Vertical) | E23: Rig/Bar | F23: Bodyweight | G23: Bilateral | H23: Mixed | I23: Medium
A24: EX021 | B24: Chest-to-Bar Pull-Up | C24: Pull (Vertical) | E24: Rig/Bar | F24: Bodyweight | G24: Bilateral | H24: Mixed | I24: High
A25: EX022 | B25: Muscle-Up (Bar) | C25: Pull (Vertical) | D25: Push (Vertical) | E25: Rig/Bar | F25: Bodyweight | G25: Bilateral | H25: Glycolytic | I25: High
A26: EX023 | B26: Muscle-Up (Ring) | C26: Pull (Vertical) | D26: Push (Vertical) | E26: Rig/Bar | F26: Bodyweight | G26: Bilateral | H26: Glycolytic | I26: High
A27: EX024 | B27: Toes-to-Bar | C27: Midline | D27: Pull (Vertical) | E27: Rig/Bar | F27: Bodyweight | G27: Bilateral | H27: Glycolytic | I27: Medium
A28: EX025 | B28: Barbell Row | C28: Pull (Horizontal) | E28: Barbell | F28: Moderate | G28: Bilateral | H28: Phosphagen | I28: Low
A29: EX026 | B29: Ring Row | C29: Pull (Horizontal) | E29: Rig/Bar | F29: Bodyweight | G29: Bilateral | H29: Mixed | I29: Low
A30: EX027 | B30: Snatch | C30: Olympic - Snatch | E30: Barbell | F30: Heavy | G30: Bilateral | H30: Phosphagen | I30: High
A31: EX028 | B31: Power Snatch | C31: Olympic - Snatch | D31: Hinge | E31: Barbell | F31: Moderate | G31: Bilateral | H31: Phosphagen | I31: High
A32: EX029 | B32: Snatch Pull | C32: Olympic - Snatch | D32: Hinge | E32: Barbell | F32: Heavy | G32: Bilateral | H32: Phosphagen | I32: Medium
A33: EX030 | B33: Hang Snatch | C33: Olympic - Snatch | E33: Barbell | F33: Moderate | G33: Bilateral | H33: Phosphagen | I33: High
A34: EX031 | B34: Clean | C34: Olympic - Clean | E34: Barbell | F34: Heavy | G34: Bilateral | H34: Phosphagen | I34: High
A35: EX032 | B35: Power Clean | C35: Olympic - Clean | D35: Hinge | E35: Barbell | F35: Moderate | G35: Bilateral | H35: Phosphagen | I35: High
A36: EX033 | B36: Hang Clean | C36: Olympic - Clean | E36: Barbell | F36: Moderate | G36: Bilateral | H36: Phosphagen | I36: High
A37: EX034 | B37: Clean Pull | C37: Olympic - Clean | D37: Hinge | E37: Barbell | F37: Heavy | G37: Bilateral | H37: Phosphagen | I37: Medium
A38: EX035 | B38: Split Jerk | C38: Olympic - Jerk | D38: Push (Vertical) | E38: Barbell | F38: Heavy | G38: Bilateral | H38: Phosphagen | I38: High
A39: EX036 | B39: Clean & Jerk | C39: Olympic - Clean | D39: Olympic - Jerk | E39: Barbell | F39: Heavy | G39: Bilateral | H39: Phosphagen | I39: High
A40: EX037 | B40: Running | C40: Monostructural | E40: None | F40: Bodyweight | G40: Bilateral | H40: Oxidative | I40: Low
A41: EX038 | B41: Rowing | C41: Monostructural | D41: Pull (Horizontal) | E41: Rower | F41: Variable | G41: Bilateral | H41: Oxidative | I41: Low
A42: EX039 | B42: Assault Bike | C42: Monostructural | E42: Bike | F42: Variable | G42: Bilateral | H42: Oxidative | I42: Low
A43: EX040 | B43: Ski Erg | C43: Monostructural | D43: Pull (Vertical) | E43: Ski Erg | F43: Variable | G43: Bilateral | H43: Oxidative | I43: Low
A44: EX041 | B44: Double-Unders | C44: Monostructural | E44: Jump Rope | F44: Bodyweight | G44: Bilateral | H44: Glycolytic | I44: Medium
A45: EX042 | B45: GHD Sit-Up | C45: Midline | E45: Machine | F45: Bodyweight | G45: Bilateral | H45: Glycolytic | I45: Medium
A46: EX043 | B46: L-Sit | C46: Midline | E46: Rig/Bar | F46: Bodyweight | G46: Bilateral | H46: Phosphagen | I46: Medium
A47: EX044 | B47: Plank | C47: Midline | E47: Bodyweight | F47: Bodyweight | G47: Bilateral | H47: Oxidative | I47: Low
A48: EX045 | B48: Farmer's Carry | C48: Loaded Carry | D48: Midline | E48: Dumbbell | F48: Heavy | G48: Bilateral | H48: Oxidative | I48: Low
A49: EX046 | B49: Overhead Carry | C49: Loaded Carry | D49: Push (Vertical) | E49: Dumbbell | F49: Moderate | G49: Bilateral | H49: Oxidative | I49: Medium
A50: EX047 | B50: Front Rack Carry | C50: Loaded Carry | D50: Midline | E50: Kettlebell | F50: Moderate | G50: Bilateral | H50: Oxidative | I50: Low
A51: EX048 | B51: Sled Push | C51: Loaded Carry | D51: Squat | E51: Sled | F51: Heavy | G51: Bilateral | H51: Glycolytic | I51: Low
A52: EX049 | B52: Box Jump | C52: Plyometric | D52: Squat | E52: Bodyweight | F52: Bodyweight | G52: Bilateral | H52: Phosphagen | I52: Medium
A53: EX050 | B53: Rope Climb | C53: Pull (Vertical) | D53: Midline | E53: Rig/Bar | F53: Bodyweight | G53: Bilateral | H53: Glycolytic | I53: High
A54: EX051 | B54: Burpee | C54: Plyometric | D54: Push (Horizontal) | E54: Bodyweight | F54: Bodyweight | G54: Bilateral | H54: Glycolytic | I54: Low
A55: EX052 | B55: DB Snatch | C55: Olympic - Snatch | D55: Hinge | E55: Dumbbell | F55: Moderate | G55: Unilateral | H55: Glycolytic | I55: Medium
A56: EX053 | B56: Turkish Get-Up | C56: Midline | D56: Loaded Carry | E56: Kettlebell | F56: Moderate | G56: Unilateral | H56: Mixed | I56: High
A57: EX054 | B57: Sandbag Clean | C57: Olympic - Clean | D57: Hinge | E57: Sandbag | F57: Moderate | G57: Bilateral | H57: Glycolytic | I57: Medium
A58: EX055 | B58: Strict Pull-Up | C58: Pull (Vertical) | E58: Rig/Bar | F58: Bodyweight | G58: Bilateral | H58: Phosphagen | I58: Medium
A59: EX056 | B59: Lunge | C59: Squat | E59: Bodyweight | F59: Bodyweight | G59: Unilateral | H59: Glycolytic | I59: Low
A60: EX057 | B60: Walking Lunge (Barbell) | C60: Squat | D60: Midline | E60: Barbell | F60: Moderate | G60: Unilateral | H60: Glycolytic | I60: Medium
A61: EX058 | B61: Sumo Deadlift High Pull | C61: Hinge | D61: Pull (Vertical) | E61: Barbell | F61: Moderate | G61: Bilateral | H61: Glycolytic | I61: Medium
A62: EX059 | B62: Handstand Walk | C62: Push (Vertical) | D62: Midline | E62: Bodyweight | F62: Bodyweight | G62: Bilateral | H62: Phosphagen | I62: High
A63: EX060 | B63: Echo Bike | C63: Monostructural | E63: Bike | F63: Variable | G63: Bilateral | H63: Oxidative | I63: Low

Sheet Workout Log
A1: WORKOUT LOG
A2: Log each workout. Pick exercises from the Exercise Library dropdown.
A3: Date | B3: Workout ID | C3: Workout Type | D3: WOD Format | E3: Duration (min) | F3: Exercise 1 | G3: Exercise 2 | H3: Exercise 3 | I3: Exercise 4 | J3: Exercise 5 | K3: Exercise 6 | L3: Exercise 7 | M3: Exercise 8 | N3: Score/Result | O3: RPE (1-10) | P3: Notes
B4: =IF(A4="","","WOD-"&TEXT(ROW()-3,"000"))
B5: =IF(A5="","","WOD-"&TEXT(ROW()-3,"000"))
B6: =IF(A6="","","WOD-"&TEXT(ROW()-3,"000"))
B7: =IF(A7="","","WOD-"&TEXT(ROW()-3,"000"))
B8: =IF(A8="","","WOD-"&TEXT(ROW()-3,"000"))
B9: =IF(A9="","","WOD-"&TEXT(ROW()-3,"000"))
B10: =IF(A10="","","WOD-"&TEXT(ROW()-3,"000"))
B11: =IF(A11="","","WOD-"&TEXT(ROW()-3,"000"))
B12: =IF(A12="","","WOD-"&TEXT(ROW()-3,"000"))
B13: =IF(A13="","","WOD-"&TEXT(ROW()-3,"000"))
B14: =IF(A14="","","WOD-"&TEXT(ROW()-3,"000"))
B15: =IF(A15="","","WOD-"&TEXT(ROW()-3,"000"))
... B53: =IF(A53="","","WOD-"&TEXT(ROW()-3,"000"))

Sheet Pattern Tracker
A1: MOVEMENT PATTERN TRACKER
A2: Counts how often each movement pattern appears in your log (last 7, 14, 30 days)
A4: Today's Date: | B4: =TODAY() -> 46085
A6: Movement Pattern | B6: Last 7 Days | C6: Last 14 Days | D6: Last 30 Days | E6: Total (All Time) | F6: Days Since Last | G6: Ideal Freq / 7d | H6: Deficit Score
A7: Squat | B7: =SUMPRODUCT(('Workout Log'!$A$4:$A$500>=TODAY()-7)*('Workout Log'!$A$4:$A$500<>"")*(IFERROR(VLOOKUP('Workout Log'!F$4:F$500,'Exercise Library'!$B$4:$C$200,2,FALSE()),"")=A7))+SUMPRODUCT(('Workout Log'!$A$4:$A$500>=TODAY()-7)*('Workout Log'!$A$4:$A$500<>"")*(IFERROR(VLOOKUP('Workout Log'!F$4:F$500,'Exercise Library'!$B$4:$D$200,3,FALSE()),"")=A7))+SUMPRODUCT(('Workout Log'!$A$4:$A$500>=TODAY()-7)*('Workout Log'!$A$4:$A$500<>"")*(IFERROR(VLOOKUP('Workout Log'!G$4:G$500,'Exercise Library'!$B$4:$C$200,2,FALSE()),"")=A7))+SUMPRODUCT(('Workout Log'!$A$4:$A$500>=TODAY()-7)*('Workout Log'!$A$4:$A$500<>"")*(IFERROR(VLOOKUP('Workout Log'!G$4:G$500,'Exercise Library'!$B$4:$D$200,3,FALSE()),"")=A7))+SUMPRODUCT(('Workout Log'!$A$4:$A$500>=TODAY()-7)*('Workout Log'!$A$4:$A$500<>"")*(IFERROR(VLOOKUP('Workout Log'!H$4:H$500,'Exercise Library'!$B$4:$C$200,2,FALSE()),"")=A7))+SUMPRODUCT(('Workout Log'!$A$4:$A$500>=TODAY()-7)*('Workout Log'!$A$4:$A$500<>"")*(IFERROR(VLOOKUP('Workout Log'!H$4:H$500,'Exercise Library'!$B$4:$D$200,3,FALSE()),"")=A7))+SUMPRODUCT(('Workout Log'!$A$4:$A$500>=TODAY()-7)*('Workout Log'!$A$4:$A$500<>"")*(IFERROR(VLOOKUP('Workout Log'!I$4:I$500,'Exercise Library'!$B$4:$C$200,2,FALSE()),"")=A7))+SUMPRODUCT(('Workout Log'!$A$4:$A$500>=TODAY()-7)*('Workout Log'!$A$4:$A$500<>"")*(IFERROR(VLOOKUP('Workout Log'!I$4:I$500,'Exercise Library'!$B$4:$D$200,3,FALSE()),"")=A7))+SUMPRODUCT(('Workout Log'!$A$4:$A$500>=TODAY()-7)*('Workout Log'!$A$4:$A$500<>"")*(IFERROR(VLOOKUP('Workout Log'!J$4:J$500,'Exercise Library'!$B$4:$C$200,2,FALSE()),"")=A7))+SUMPRODUCT(('Workout Log'!$A$4:$A$500>=TODAY()-7)*('Workout Log'!$A$4:$A$500<>"")*(IFERROR(VLOOKUP('Workout Log'!J$4:J$500,'Exercise Library'!$B$4:$D$200,3,FALSE()),"")=A7))+SUMPRODUCT(('Workout Log'!$A$4:$A$500>=TODAY()-7)*('Workout Log'!$A$4:$A$500<>"")*(IFERROR(VLOOKUP('Workout Log'!K$4:K$500,'Exercise Library'!$B$4:$C$200,2,FALSE()),"")=A7))+SUMPRODUCT(('Workout Log'!$A$4:$A$500>=TODAY()-7)*('Workout Log'!$A$4:$A$500<>"")*(IFERROR(VLOOKUP('Workout Log'!K$4:K$500,'Exercise Library'!$B$4:$D$200,3,FALSE()),"")=A7))+SUMPRODUCT(('Workout Log'!$A$4:$A$500>=TODAY()-7)*('Workout Log'!$A$4:$A$500<>"")*(IFERROR(VLOOKUP('Workout Log'!L$4:L$500,'Exercise Library'!$B$4:$C$200,2,FALSE()),"")=A7))+SUMPRODUCT(('Workout Log'!$A$4:$A$500>=TODAY()-7)*('Workout Log'!$A$4:$A$500<>"")*(IFERROR(VLOOKUP('Workout Log'!L$4:L$500,'Exercise Library'!$B$4:$D$200,3,FALSE()),"")=A7))+SUMPRODUCT(('Workout Log'!$A$4:$A$500>=TODAY()-7)*('Workout Log'!$A$4:$A$500<>"")*(IFERROR(VLOOKUP('Workout Log'!M$4:M$500,'Exercise Library'!$B$4:$C$200,2,FALSE()),"")=A7))+SUMPRODUCT(('Workout Log'!$A$4:$A$500>=TODAY()-7)*('Workout Log'!$A$4:$A$500<>"")*(IFERROR(VLOOKUP('Workout Log'!M$4:M$500,'Exercise Library'!$B$4:$D$200,3,FALSE()),"")=A7)) -> 0 | C7: =SUMPRODUCT(('Workout Log'!$A$4:$A$500>=TODAY()-14)*('Workout Log'!$A$4:$A$500<>"")*(IFERROR(VLOOKUP('Workout Log'!F$4:F$500,'Exercise Library'!$B$4:$C$200,2,FALSE()),"")=A7))+SUMPRODUCT(('Workout Log'!$A$4:$A$500>=TODAY()-14)*('Workout Log'!$A$4:$A$500<>"")*(IFERROR(VLOOKUP('Workout Log'!F$4:F$500,'Exercise Library'!$B$4:$D$200,3,FALSE()),"")=A7))+SUMPRODUCT(('Workout Log'!$A$4:$A$500>=TODAY()-14)*('Workout Log'!$A$4:$A$500<>"")*(IFERROR(VLOOKUP('Workout Log'!G$4:G$500,'Exercise Library'!$B$4:$C$200,2,FALSE()),"")=A7))+SUMPRODUCT(('Workout Log'!$A$4:$A$500>=TODAY()-14)*('Workout Log'!$A$4:$A$500<>"")*(IFERROR(VLOOKUP('Workout Log'!G$4:G$500,'Exercise Library'!$B$4:$D$200,3,FALSE()),"")=A7))+SUMPRODUCT(('Workout Log'!$A$4:$A$500>=TODAY()-14)*('Workout Log'!$A$4:$A$500<>"")*(IFERROR(VLOOKUP('Workout Log'!H$4:H$500,'Exercise Library'!$B$4:$C$200,2,FALSE()),"")=A7))+SUMPRODUCT(('Workout Log'!$A$4:$A$500>=TODAY()-14)*('Workout Log'!$A$4:$A$500<>"")*(IFERROR(VLOOKUP('Workout Log'!H$4:H$500,'Exercise Library'!$B$4:$D$200,3,FALSE()),"")=A7))+SUMPRODUCT(('Workout Log'!$A$4:$A$500>=TODAY()-14)*('Workout Log'!$A$4:$A$500<>"")*(IFERROR(VLOOKUP('Workout Log'!I$4:I$500,'Exercise Library'!$B$4:$C$200,2,FALSE()),"")=A7))+SUMPRODUCT(('Workout Log'!$A$4:$A$500>=TODAY()-14)*('Workout Log'!$A$4:$A$500<>"")*(IFERROR(VLOOKUP('Workout Log'!I$4:I$500,'Exercise Library'!$B$4:$D$200,3,FALSE()),"")=A7))+SUMPRODUCT(('Workout Log'!$A$4:$A$500>=TODAY()-14)*('Workout Log'!$A$4:$A$500<>"")*(IFERROR(VLOOKUP('Workout Log'!J$4:J$500,'Exercise Library'!$B$4:$C$200,2,FALSE()),"")=A7))+SUMPRODUCT(('Workout Log'!$A$4:$A$500>=TODAY()-14)*('Workout Log'!$A$4:$A$500<>"")*(IFERROR(VLOOKUP('Workout Log'!J$4:J$500,'Exercise Library'!$B$4:$D$200,3,FALSE()),"")=A7))+SUMPRODUCT(('Workout Log'!$A$4:$A$500>=TODAY()-14)*('Workout Log'!$A$4:$A$500<>"")*(IFERROR(VLOOKUP('Workout Log'!K$4:K$500,'Exercise Library'!$B$4:$C$200,2,FALSE()),"")=A7))+SUMPRODUCT(('Workout Log'!$A$4:$A$500>=TODAY()-14)*('Workout Log'!$A$4:$A$500<>"")*(IFERROR(VLOOKUP('Workout Log'!K$4:K$500,'Exercise Library'!$B$4:$D$200,3,FALSE()),"")=A7))+SUMPRODUCT(('Workout Log'!$A$4:$A$500>=TODAY()-14)*('Workout Log'!$A$4:$A$500<>"")*(IFERROR(VLOOKUP('Workout Log'!L$4:L$500,'Exercise Library'!$B$4:$C$200,2,FALSE()),"")=A7))+SUMPRODUCT(('Workout Log'!$A$4:$A$500>=TODAY()-14)*('Workout Log'!$A$4:$A$500<>"")*(IFERROR(VLOOKUP('Workout Log'!L$4:L$500,'Exercise Library'!$B$4:$D$200,3,FALSE()),"")=A7))+SUMPRODUCT(('Workout Log'!$A$4:$A$500>=TODAY()-14)*('Workout Log'!$A$4:$A$500<>"")*(IFERROR(VLOOKUP('Workout Log'!M$4:M$500,'Exercise Library'!$B$4:$C$200,2,FALSE()),"")=A7))+SUMPRODUCT(('Workout Log'!$A$4:$A$500>=TODAY()-14)*('Workout Log'!$A$4:$A$500<>"")*(IFERROR(VLOOKUP('Workout Log'!M$4:M$500,'Exercise Library'!$B$4:$D$200,3,FALSE()),"")=A7)) -> 0 | D7: =SUMPRODUCT(('Workout Log'!$A$4:$A$500>=TODAY()-30)*('Workout Log'!$A$4:$A$500<>"")*(IFERROR(VLOOKUP('Workout Log'!F$4:F$500,'Exercise Library'!$B$4:$C$200,2,FALSE()),"")=A7))+SUMPRODUCT(('Workout Log'!$A$4:$A$500>=TODAY()-30)*('Workout Log'!$A$4:$A$500<>"")*(IFERROR(VLOOKUP('Workout Log'!F$4:F$500,'Exercise Library'!$B$4:$D$200,3,FALSE()),"")=A7))+SUMPRODUCT(('Workout Log'!$A$4:$A$500>=TODAY()-30)*('Workout Log'!$A$4:$A$500<>"")*(IFERROR(VLOOKUP('Workout Log'!G$4:G$500,'Exercise Library'!$B$4:$C$200,2,FALSE()),"")=A7))+SUMPRODUCT(('Workout Log'!$A$4:$A$500>=TODAY()-30)*('Workout Log'!$A$4:$A$500<>"")*(IFERROR(VLOOKUP('Workout Log'!G$4:G$500,'Exercise Library'!$B$4:$D$200,3,FALSE()),"")=A7))+SUMPRODUCT(('Workout Log'!$A$4:$A$500>=TODAY()-30)*('Workout Log'!$A$4:$A$500<>"")*(IFERROR(VLOOKUP('Workout Log'!H$4:H$500,'Exercise Library'!$B$4:$C$200,2,FALSE()),"")=A7))+SUMPRODUCT(('Workout Log'!$A$4:$A$500>=TODAY()-30)*('Workout Log'!$A$4:$A$500<>"")*(IFERROR(VLOOKUP('Workout Log'!H$4:H$500,'Exercise Library'!$B$4:$D$200,3,FALSE()),"")=A7))+SUMPRODUCT(('Workout Log'!$A$4:$A$500>=TODAY()-30)*('Workout Log'!$A$4:$A$500<>"")*(IFERROR(VLOOKUP('Workout Log'!I$4:I$500,'Exercise Library'!$B$4:$C$200,2,FALSE()),"")=A7))+SUMPRODUCT(('Workout Log'!$A$4:$A$500>=TODAY()-30)*('Workout Log'!$A$4:$A$500<>"")*(IFERROR(VLOOKUP('Workout Log'!I$4:I$500,'Exercise Library'!$B$4:$D$200,3,FALSE()),"")=A7))+SUMPRODUCT(('Workout Log'!$A$4:$A$500>=TODAY()-30)*('Workout Log'!$A$4:$A$500<>"")*(IFERROR(VLOOKUP('Workout Log'!J$4:J$500,'Exercise Library'!$B$4:$C$200,2,FALSE()),"")=A7))+SUMPRODUCT(('Workout Log'!$A$4:$A$500>=TODAY()-30)*('Workout Log'!$A$4:$A$500<>"")*(IFERROR(VLOOKUP('Workout Log'!J$4:J$500,'Exercise Library'!$B$4:$D$200,3,FALSE()),"")=A7))+SUMPRODUCT(('Workout Log'!$A$4:$A$500>=TODAY()-30)*('Workout Log'!$A$4:$A$500<>"")*(IFERROR(VLOOKUP('Workout Log'!K$4:K$500,'Exercise Library'!$B$4:$C$200,2,FALSE()),"")=A7))+SUMPRODUCT(('Workout Log'!$A$4:$A$500>=TODAY()-30)*('Workout Log'!$A$4:$A$500<>"")*(IFERROR(VLOOKUP('Workout Log'!K$4:K$500,'Exercise Library'!$B$4:$D$200,3,FALSE()),"")=A7))+SUMPRODUCT(('Workout Log'!$A$4:$A$500>=TODAY()-30)*('Workout Log'!$A$4:$A$500<>"")*(IFERROR(VLOOKUP('Workout Log'!L$4:L$500,'Exercise Library'!$B$4:$C$200,2,FALSE()),"")=A7))+SUMPRODUCT(('Workout Log'!$A$4:$A$500>=TODAY()-30)*('Workout Log'!$A$4:$A$500<>"")*(IFERROR(VLOOKUP('Workout Log'!L$4:L$500,'Exercise Library'!$B$4:$D$200,3,FALSE()),"")=A7))+SUMPRODUCT(('Workout Log'!$A$4:$A$500>=TODAY()-30)*('Workout Log'!$A$4:$A$500<>"")*(IFERROR(VLOOKUP('Workout Log'!M$4:M$500,'Exercise Library'!$B$4:$C$200,2,FALSE()),"")=A7))+SUMPRODUCT(('Workout Log'!$A$4:$A$500>=TODAY()-30)*('Workout Log'!$A$4:$A$500<>"")*(IFERROR(VLOOKUP('Workout Log'!M$4:M$500,'Exercise Library'!$B$4:$D$200,3,FALSE()),"")=A7)) -> 0 | E7: =SUMPRODUCT(('Workout Log'!$A$4:$A$500>0)*('Workout Log'!$A$4:$A$500<>"")*(IFERROR(VLOOKUP('Workout Log'!F$4:F$500,'Exercise Library'!$B$4:$C$200,2,FALSE()),"")=A7))+SUMPRODUCT(('Workout Log'!$A$4:$A$500>0)*('Workout Log'!$A$4:$A$500<>"")*(IFERROR(VLOOKUP('Workout Log'!F$4:F$500,'Exercise Library'!$B$4:$D$200,3,FALSE()),"")=A7))+SUMPRODUCT(('Workout Log'!$A$4:$A$500>0)*('Workout Log'!$A$4:$A$500<>"")*(IFERROR(VLOOKUP('Workout Log'!G$4:G$500,'Exercise Library'!$B$4:$C$200,2,FALSE()),"")=A7))+SUMPRODUCT(('Workout Log'!$A$4:$A$500>0)*('Workout Log'!$A$4:$A$500<>"")*(IFERROR(VLOOKUP('Workout Log'!G$4:G$500,'Exercise Library'!$B$4:$D$200,3,FALSE()),"")=A7))+SUMPRODUCT(('Workout Log'!$A$4:$A$500>0)*('Workout Log'!$A$4:$A$500<>"")*(IFERROR(VLOOKUP('Workout Log'!H$4:H$500,'Exercise Library'!$B$4:$C$200,2,FALSE()),"")=A7))+SUMPRODUCT(('Workout Log'!$A$4:$A$500>0)*('Workout Log'!$A$4:$A$500<>"")*(IFERROR(VLOOKUP('Workout Log'!H$4:H$500,'Exercise Library'!$B$4:$D$200,3,FALSE()),"")=A7))+SUMPRODUCT(('Workout Log'!$A$4:$A$500>0)*('Workout Log'!$A$4:$A$500<>"")*(IFERROR(VLOOKUP('Workout Log'!I$4:I$500,'Exercise Library'!$B$4:$C$200,2,FALSE()),"")=A7))+SUMPRODUCT(('Workout Log'!$A$4:$A$500>0)*('Workout Log'!$A$4:$A$500<>"")*(IFERROR(VLOOKUP('Workout Log'!I$4:I$500,'Exercise Library'!$B$4:$D$200,3,FALSE()),"")=A7))+SUMPRODUCT(('Workout Log'!$A$4:$A$500>0)*('Workout Log'!$A$4:$A$500<>"")*(IFERROR(VLOOKUP('Workout Log'!J$4:J$500,'Exercise Library'!$B$4:$C$200,2,FALSE()),"")=A7))+SUMPRODUCT(('Workout Log'!$A$4:$A$500>0)*('Workout Log'!$A$4:$A$500<>"")*(IFERROR(VLOOKUP('Workout Log'!J$4:J$500,'Exercise Library'!$B$4:$D$200,3,FALSE()),"")=A7))+SUMPRODUCT(('Workout Log'!$A$4:$A$500>0)*('Workout Log'!$A$4:$A$500<>"")*(IFERROR(VLOOKUP('Workout Log'!K$4:K$500,'Exercise Library'!$B$4:$C$200,2,FALSE()),"")=A7))+SUMPRODUCT(('Workout Log'!$A$4:$A$500>0)*('Workout Log'!$A$4:$A$500<>"")*(IFERROR(VLOOKUP('Workout Log'!K$4:K$500,'Exercise Library'!$B$4:$D$200,3,FALSE()),"")=A7))+SUMPRODUCT(('Workout Log'!$A$4:$A$500>0)*('Workout Log'!$A$4:$A$500<>"")*(IFERROR(VLOOKUP('Workout Log'!L$4:L$500,'Exercise Library'!$B$4:$C$200,2,FALSE()),"")=A7))+SUMPRODUCT(('Workout Log'!$A$4:$A$500>0)*('Workout Log'!$A$4:$A$500<>"")*(IFERROR(VLOOKUP('Workout Log'!L$4:L$500,'Exercise Library'!$B$4:$D$200,3,FALSE()),"")=A7))+SUMPRODUCT(('Workout Log'!$A$4:$A$500>0)*('Workout Log'!$A$4:$A$500<>"")*(IFERROR(VLOOKUP('Workout Log'!M$4:M$500,'Exercise Library'!$B$4:$C$200,2,FALSE()),"")=A7))+SUMPRODUCT(('Workout Log'!$A$4:$A$500>0)*('Workout Log'!$A$4:$A$500<>"")*(IFERROR(VLOOKUP('Workout Log'!M$4:M$500,'Exercise Library'!$B$4:$D$200,3,FALSE()),"")=A7)) -> 0 | F7: =IF(E7=0,"Never",IFERROR(TODAY()-MAX(B7*0+TODAY()-7),"N/A")) -> Never | G7: 2 | H7: =MAX(0, G7-B7) -> 2
A8: Hinge | B8: =SUMPRODUCT(('Workout Log'!$A$4:$A$500>=TODAY()-7)*('Workout Log'!$A$4:$A$500<>"")*(IFERROR(VLOOKUP('Workout Log'!F$4:F$500,'Exercise Library'!$B$4:$C$200,2,FALSE()),"")=A8))+SUMPRODUCT(('Workout Log'!$A$4:$A$500>=TODAY()-7)*('Workout Log'!$A$4:$A$500<>"")*(IFERROR(VLOOKUP('Workout Log'!F$4:F$500,'Exercise Library'!$B$4:$D$200,3,FALSE()),"")=A8))+SUMPRODUCT(('Workout Log'!$A$4:$A$500>=TODAY()-7)*('Workout Log'!$A$4:$A$500<>"")*(IFERROR(VLOOKUP('Workout Log'!G$4:G$500,'Exercise Library'!$B$4:$C$200,2,FALSE()),"")=A8))+SUMPRODUCT(('Workout Log'!$A$4:$A$500>=TODAY()-7)*('Workout Log'!$A$4:$A$500<>"")*(IFERROR(VLOOKUP('Workout Log'!G$4:G$500,'Exercise Library'!$B$4:$D$200,3,FALSE()),"")=A8))+SUMPRODUCT(('Workout Log'!$A$4:$A$500>=TODAY()-7)*('Workout Log'!$A$4:$A$500<>"")*(IFERROR(VLOOKUP('Workout Log'!H$4:H$500,'Exercise Library'!$B$4:$C$200,2,FALSE()),"")=A8))+SUMPRODUCT(('Workout Log'!$A$4:$A$500>=TODAY()-7)*('Workout Log'!$A$4:$A$500<>"")*(IFERROR(VLOOKUP('Workout Log'!H$4:H$500,'Exercise Library'!$B$4:$D$200,3,FALSE()),"")=A8))+SUMPRODUCT(('Workout Log'!$A$4:$A$500>=TODAY()-7)*('Workout Log'!$A$4:$A$500<>"")*(IFERROR(VLOOKUP('Workout Log'!I$4:I$500,'Exercise Library'!$B$4:$C$200,2,FALSE()),"")=A8))+SUMPRODUCT(('Workout Log'!$A$4:$A$500>=TODAY()-7)*('Workout Log'!$A$4:$A$500<>"")*(IFERROR(VLOOKUP('Workout Log'!I$4:I$500,'Exercise Library'!$B$4:$D$200,3,FALSE()),"")=A8))+SUMPRODUCT(('Workout Log'!$A$4:$A$500>=TODAY()-7)*('Workout Log'!$A$4:$A$500<>"")*(IFERROR(VLOOKUP('Workout Log'!J$4:J$500,'Exercise Library'!$B$4:$C$200,2,FALSE()),"")=A8))+SUMPRODUCT(('Workout Log'!$A$4:$A$500>=TODAY()-7)*('Workout Log'!$A$4:$A$500<>"")*(IFERROR(VLOOKUP('Workout Log'!J$4:J$500,'Exercise Library'!$B$4:$D$200,3,FALSE()),"")=A8))+SUMPRODUCT(('Workout Log'!$A$4:$A$500>=TODAY()-7)*('Workout Log'!$A$4:$A$500<>"")*(IFERROR(VLOOKUP('Workout Log'!K$4:K$500,'Exercise Library'!$B$4:$C$200,2,FALSE()),"")=A8))+SUMPRODUCT(('Workout Log'!$A$4:$A$500>=TODAY()-7)*('Workout Log'!$A$4:$A$500<>"")*(IFERROR(VLOOKUP('Workout Log'!K$4:K$500,'Exercise Library'!$B$4:$D$200,3,FALSE()),"")=A8))+SUMPRODUCT(('Workout Log'!$A$4:$A$500>=TODAY()-7)*('Workout Log'!$A$4:$A$500<>"")*(IFERROR(VLOOKUP('Workout Log'!L$4:L$500,'Exercise Library'!$B$4:$C$200,2,FALSE()),"")=A8))+SUMPRODUCT(('Workout Log'!$A$4:$A$500>=TODAY()-7)*('Workout Log'!$A$4:$A$500<>"")*(IFERROR(VLOOKUP('Workout Log'!L$4:L$500,'Exercise Library'!$B$4:$D$200,3,FALSE()),"")=A8))+SUMPRODUCT(('Workout Log'!$A$4:$A$500>=TODAY()-7)*('Workout Log'!$A$4:$A$500<>"")*(IFERROR(VLOOKUP('Workout Log'!M$4:M$500,'Exercise Library'!$B$4:$C$200,2,FALSE()),"")=A8))+SUMPRODUCT(('Workout Log'!$A$4:$A$500>=TODAY()-7)*('Workout Log'!$A$4:$A$500<>"")*(IFERROR(VLOOKUP('Workout Log'!M$4:M$500,'Exercise Library'!$B$4:$D$200,3,FALSE()),"")=A8)) -> 0 | C8: =SUMPRODUCT(('Workout Log'!$A$4:$A$500>=TODAY()-14)*('Workout Log'!$A$4:$A$500<>"")*(IFERROR(VLOOKUP('Workout Log'!F$4:F$500,'Exercise Library'!$B$4:$C$200,2,FALSE()),"")=A8))+SUMPRODUCT(('Workout Log'!$A$4:$A$500>=TODAY()-14)*('Workout Log'!$A$4:$A$500<>"")*(IFERROR(VLOOKUP('Workout Log'!F$4:F$500,'Exercise Library'!$B$4:$D$200,3,FALSE()),"")=A8))+SUMPRODUCT(('Workout Log'!$A$4:$A$500>=TODAY()-14)*('Workout Log'!$A$4:$A$500<>"")*(IFERROR(VLOOKUP('Workout Log'!G$4:G$500,'Exercise Library'!$B$4:$C$200,2,FALSE()),"")=A8))+SUMPRODUCT(('Workout Log'!$A$4:$A$500>=TODAY()-14)*('Workout Log'!$A$4:$A$500<>"")*(IFERROR(VLOOKUP('Workout Log'!G$4:G$500,'Exercise Library'!$B$4:$D$200,3,FALSE()),"")=A8))+SUMPRODUCT(('Workout Log'!$A$4:$A$500>=TODAY()-14)*('Workout Log'!$A$4:$A$500<>"")*(IFERROR(VLOOKUP('Workout Log'!H$4:H$500,'Exercise Library'!$B$4:$C$200,2,FALSE()),"")=A8))+SUMPRODUCT(('Workout Log'!$A$4:$A$500>=TODAY()-14)*('Workout Log'!$A$4:$A$500<>"")*(IFERROR(VLOOKUP('Workout Log'!H$4:H$500,'Exercise Library'!$B$4:$D$200,3,FALSE()),"")=A8))+SUMPRODUCT(('Workout Log'!$A$4:$A$500>=TODAY()-14)*('Workout Log'!$A$4:$A$500<>"")*(IFERROR(VLOOKUP('Workout Log'!I$4:I$500,'Exercise Library'!$B$4:$C$200,2,FALSE()),"")=A8))+SUMPRODUCT(('Workout Log'!$A$4:$A$500>=TODAY()-14)*('Workout Log'!$A$4:$A$500<>"")*(IFERROR(VLOOKUP('Workout Log'!I$4:I$500,'Exercise Library'!$B$4:$D$200,3,FALSE()),"")=A8))+SUMPRODUCT(('Workout Log'!$A$4:$A$500>=TODAY()-14)*('Workout Log'!$A$4:$A$500<>"")*(IFERROR(VLOOKUP('Workout Log'!J$4:J$500,'Exercise Library'!$B$4:$C$200,2,FALSE()),"")=A8))+SUMPRODUCT(('Workout Log'!$A$4:$A$500>=TODAY()-14)*('Workout Log'!$A$4:$A$500<>"")*(IFERROR(VLOOKUP('Workout Log'!J$4:J$500,'Exercise Library'!$B$4:$D$200,3,FALSE()),"")=A8))+SUMPRODUCT(('Workout Log'!$A$4:$A$500>=TODAY()-14)*('Workout Log'!$A$4:$A$500<>"")*(IFERROR(VLOOKUP('Workout Log'!K$4:K$500,'Exercise Library'!$B$4:$C$200,2,FALSE()),"")=A8))+SUMPRODUCT(('Workout Log'!$A$4:$A$500>=TODAY()-14)*('Workout Log'!$A$4:$A$500<>"")*(IFERROR(VLOOKUP('Workout Log'!K$4:K$500,'Exercise Library'!$B$4:$D$200,3,FALSE()),"")=A8))+SUMPRODUCT(('Workout Log'!$A$4:$A$500>=TODAY()-14)*('Workout Log'!$A$4:$A$500<>"")*(IFERROR(VLOOKUP('Workout Log'!L$4:L$500,'Exercise Library'!$B$4:$C$200,2,FALSE()),"")=A8))+SUMPRODUCT(('Workout Log'!$A$4:$A$500>=TODAY()-14)*('Workout Log'!$A$4:$A$500<>"")*(IFERROR(VLOOKUP('Workout Log'!L$4:L$500,'Exercise Library'!$B$4:$D$200,3,FALSE()),"")=A8))+SUMPRODUCT(('Workout Log'!$A$4:$A$500>=TODAY()-14)*('Workout Log'!$A$4:$A$500<>"")*(IFERROR(VLOOKUP('Workout Log'!M$4:M$500,'Exercise Library'!$B$4:$C$200,2,FALSE()),"")=A8))+SUMPRODUCT(('Workout Log'!$A$4:$A$500>=TODAY()-14)*('Workout Log'!$A$4:$A$500<>"")*(IFERROR(VLOOKUP('Workout Log'!M$4:M$500,'Exercise Library'!$B$4:$D$200,3,FALSE()),"")=A8)) -> 0 | D8: =SUMPRODUCT(('Workout Log'!$A$4:$A$500>=TODAY()-30)*('Workout Log'!$A$4:$A$500<>"")*(IFERROR(VLOOKUP('Workout Log'!F$4:F$500,'Exercise Library'!$B$4:$C$200,2,FALSE()),"")=A8))+SUMPRODUCT(('Workout Log'!$A$4:$A$500>=TODAY()-30)*('Workout Log'!$A$4:$A$500<>"")*(IFERROR(VLOOKUP('Workout Log'!F$4:F$500,'Exercise Library'!$B$4:$D$200,3,FALSE()),"")=A8))+SUMPRODUCT(('Workout Log'!$A$4:$A$500>=TODAY()-30)*('Workout Log'!$A$4:$A$500<>"")*(IFERROR(VLOOKUP('Workout Log'!G$4:G$500,'Exercise Library'!$B$4:$C$200,2,FALSE()),"")=A8))+SUMPRODUCT(('Workout Log'!$A$4:$A$500>=TODAY()-30)*('Workout Log'!$A$4:$A$500<>"")*(IFERROR(VLOOKUP('Workout Log'!G$4:G$500,'Exercise Library'!$B$4:$D$200,3,FALSE()),"")=A8))+SUMPRODUCT(('Workout Log'!$A$4:$A$500>=TODAY()-30)*('Workout Log'!$A$4:$A$500<>"")*(IFERROR(VLOOKUP('Workout Log'!H$4:H$500,'Exercise Library'!$B$4:$C$200,2,FALSE()),"")=A8))+SUMPRODUCT(('Workout Log'!$A$4:$A$500>=TODAY()-30)*('Workout Log'!$A$4:$A$500<>"")*(IFERROR(VLOOKUP('Workout Log'!H$4:H$500,'Exercise Library'!$B$4:$D$200,3,FALSE()),"")=A8))+SUMPRODUCT(('Workout Log'!$A$4:$A$500>=TODAY()-30)*('Workout Log'!$A$4:$A$500<>"")*(IFERROR(VLOOKUP('Workout Log'!I$4:I$500,'Exercise Library'!$B$4:$C$200,2,FALSE()),"")=A8))+SUMPRODUCT(('Workout Log'!$A$4:$A$500>=TODAY()-30)*('Workout Log'!$A$4:$A$500<>"")*(IFERROR(VLOOKUP('Workout Log'!I$4:I$500,'Exercise Library'!$B$4:$D$200,3,FALSE()),"")=A8))+SUMPRODUCT(('Workout Log'!$A$4:$A$500>=TODAY()-30)*('Workout Log'!$A$4:$A$500<>"")*(IFERROR(VLOOKUP('Workout Log'!J$4:J$500,'Exercise Library'!$B$4:$C$200,2,FALSE()),"")=A8))+SUMPRODUCT(('Workout Log'!$A$4:$A$500>=TODAY()-30)*('Workout Log'!$A$4:$A$500<>"")*(IFERROR(VLOOKUP('Workout Log'!J$4:J$500,'Exercise Library'!$B$4:$D$200,3,FALSE()),"")=A8))+SUMPRODUCT(('Workout Log'!$A$4:$A$500>=TODAY()-30)*('Workout Log'!$A$4:$A$500<>"")*(IFERROR(VLOOKUP('Workout Log'!K$4:K$500,'Exercise Library'!$B$4:$C$200,2,FALSE()),"")=A8))+SUMPRODUCT(('Workout Log'!$A$4:$A$500>=TODAY()-30)*('Workout Log'!$A$4:$A$500<>"")*(IFERROR(VLOOKUP('Workout Log'!K$4:K$500,'Exercise Library'!$B$4:$D$200,3,FALSE()),"")=A8))+SUMPRODUCT(('Workout Log'!$A$4:$A$500>=TODAY()-30)*('Workout Log'!$A$4:$A$500<>"")*(IFERROR(VLOOKUP('Workout Log'!L$4:L$500,'Exercise Library'!$B$4:$C$200,2,FALSE()),"")=A8))+SUMPRODUCT(('Workout Log'!$A$4:$A$500>=TODAY()-30)*('Workout Log'!$A$4:$A$500<>"")*(IFERROR(VLOOKUP('Workout Log'!L$4:L$500,'Exercise Library'!$B$4:$D$200,3,FALSE()),"")=A8))+SUMPRODUCT(('Workout Log'!$A$4:$A$500>=TODAY()-30)*('Workout Log'!$A$4:$A$500<>"")*(IFERROR(VLOOKUP('Workout Log'!M$4:M$500,'Exercise Library'!$B$4:$C$200,2,FALSE()),"")=A8))+SUMPRODUCT(('Workout Log'!$A$4:$A$500>=TODAY()-30)*('Workout Log'!$A$4:$A$500<>"")*(IFERROR(VLOOKUP('Workout Log'!M$4:M$500,'Exercise Library'!$B$4:$D$200,3,FALSE()),"")=A8)) -> 0 | E8: =SUMPRODUCT(('Workout Log'!$A$4:$A$500>0)*('Workout Log'!$A$4:$A$500<>"")*(IFERROR(VLOOKUP('Workout Log'!F$4:F$500,'Exercise Library'!$B$4:$C$200,2,FALSE()),"")=A8))+SUMPRODUCT(('Workout Log'!$A$4:$A$500>0)*('Workout Log'!$A$4:$A$500<>"")*(IFERROR(VLOOKUP('Workout Log'!F$4:F$500,'Exercise Library'!$B$4:$D$200,3,FALSE()),"")=A8))+SUMPRODUCT(('Workout Log'!$A$4:$A$500>0)*('Workout Log'!$A$4:$A$500<>"")*(IFERROR(VLOOKUP('Workout Log'!G$4:G$500,'Exercise Library'!$B$4:$C$200,2,FALSE()),"")=A8))+SUMPRODUCT(('Workout Log'!$A$4:$A$500>0)*('Workout Log'!$A$4:$A$500<>"")*(IFERROR(VLOOKUP('Workout Log'!G$4:G$500,'Exercise Library'!$B$4:$D$200,3,FALSE()),"")=A8))+SUMPRODUCT(('Workout Log'!$A$4:$A$500>0)*('Workout Log'!$A$4:$A$500<>"")*(IFERROR(VLOOKUP('Workout Log'!H$4:H$500,'Exercise Library'!$B$4:$C$200,2,FALSE()),"")=A8))+SUMPRODUCT(('Workout Log'!$A$4:$A$500>0)*('Workout Log'!$A$4:$A$500<>"")*(IFERROR(VLOOKUP('Workout Log'!H$4:H$500,'Exercise Library'!$B$4:$D$200,3,FALSE()),"")=A8))+SUMPRODUCT(('Workout Log'!$A$4:$A$500>0)*('Workout Log'!$A$4:$A$500<>"")*(IFERROR(VLOOKUP('Workout Log'!I$4:I$500,'Exercise Library'!$B$4:$C$200,2,FALSE()),"")=A8))+SUMPRODUCT(('Workout Log'!$A$4:$A$500>0)*('Workout Log'!$A$4:$A$500<>"")*(IFERROR(VLOOKUP('Workout Log'!I$4:I$500,'Exercise Library'!$B$4:$D$200,3,FALSE()),"")=A8))+SUMPRODUCT(('Workout Log'!$A$4:$A$500>0)*('Workout Log'!$A$4:$A$500<>"")*(IFERROR(VLOOKUP('Workout Log'!J$4:J$500,'Exercise Library'!$B$4:$C$200,2,FALSE()),"")=A8))+SUMPRODUCT(('Workout Log'!$A$4:$A$500>0)*('Workout Log'!$A$4:$A$500<>"")*(IFERROR(VLOOKUP('Workout Log'!J$4:J$500,'Exercise Library'!$B$4:$D$200,3,FALSE()),"")=A8))+SUMPRODUCT(('Workout Log'!$A$4:$A$500>0)*('Workout Log'!$A$4:$A$500<>"")*(IFERROR(VLOOKUP('Workout Log'!K$4:K$500,'Exercise Library'!$B$4:$C$200,2,FALSE()),"")=A8))+SUMPRODUCT(('Workout Log'!$A$4:$A$500>0)*('Workout Log'!$A$4:$A$500<>"")*(IFERROR(VLOOKUP('Workout Log'!K$4:K$500,'Exercise Library'!$B$4:$D$200,3,FALSE()),"")=A8))+SUMPRODUCT(('Workout Log'!$A$4:$A$500>0)*('Workout Log'!$A$4:$A$500<>"")*(IFERROR(VLOOKUP('Workout Log'!L$4:L$500,'Exercise Library'!$B$4:$C$200,2,FALSE()),"")=A8))+SUMPRODUCT(('Workout Log'!$A$4:$A$500>0)*('Workout Log'!$A$4:$A$500<>"")*(IFERROR(VLOOKUP('Workout Log'!L$4:L$500,'Exercise Library'!$B$4:$D$200,3,FALSE()),"")=A8))+SUMPRODUCT(('Workout Log'!$A$4:$A$500>0)*('Workout Log'!$A$4:$A$500<>"")*(IFERROR(VLOOKUP('Workout Log'!M$4:M$500,'Exercise Library'!$B$4:$C$200,2,FALSE()),"")=A8))+SUMPRODUCT(('Workout Log'!$A$4:$A$500>0)*('Workout Log'!$A$4:$A$500<>"")*(IFERROR(VLOOKUP('Workout Log'!M$4:M$500,'Exercise Library'!$B$4:$D$200,3,FALSE()),"")=A8)) -> 0 | F8: =IF(E8=0,"Never",IFERROR(TODAY()-MAX(B8*0+TODAY()-7),"N/A")) -> Never | G8: 2 | H8: =MAX(0, G8-B8) -> 2
A9: Push (Horizontal) | B9: =SUMPRODUCT(('Workout Log'!$A$4:$A$500>=TODAY()-7)*('Workout Log'!$A$4:$A$500<>"")*(IFERROR(VLOOKUP('Workout Log'!F$4:F$500,'Exercise Library'!$B$4:$C$200,2,FALSE()),"")=A9))+SUMPRODUCT(('Workout Log'!$A$4:$A$500>=TODAY()-7)*('Workout Log'!$A$4:$A$500<>"")*(IFERROR(VLOOKUP('Workout Log'!F$4:F$500,'Exercise Library'!$B$4:$D$200,3,FALSE()),"")=A9))+SUMPRODUCT(('Workout Log'!$A$4:$A$500>=TODAY()-7)*('Workout Log'!$A$4:$A$500<>"")*(IFERROR(VLOOKUP('Workout Log'!G$4:G$500,'Exercise Library'!$B$4:$C$200,2,FALSE()),"")=A9))+SUMPRODUCT(('Workout Log'!$A$4:$A$500>=TODAY()-7)*('Workout Log'!$A$4:$A$500<>"")*(IFERROR(VLOOKUP('Workout Log'!G$4:G$500,'Exercise Library'!$B$4:$D$200,3,FALSE()),"")=A9))+SUMPRODUCT(('Workout Log'!$A$4:$A$500>=TODAY()-7)*('Workout Log'!$A$4:$A$500<>"")*(IFERROR(VLOOKUP('Workout Log'!H$4:H$500,'Exercise Library'!$B$4:$C$200,2,FALSE()),"")=A9))+SUMPRODUCT(('Workout Log'!$A$4:$A$500>=TODAY()-7)*('Workout Log'!$A$4:$A$500<>"")*(IFERROR(VLOOKUP('Workout Log'!H$4:H$500,'Exercise Library'!$B$4:$D$200,3,FALSE()),"")=A9))+SUMPRODUCT(('Workout Log'!$A$4:$A$500>=TODAY()-7)*('Workout Log'!$A$4:$A$500<>"")*(IFERROR(VLOOKUP('Workout Log'!I$4:I$500,'Exercise Library'!$B$4:$C$200,2,FALSE()),"")=A9))+SUMPRODUCT(('Workout Log'!$A$4:$A$500>=TODAY()-7)*('Workout Log'!$A$4:$A$500<>"")*(IFERROR(VLOOKUP('Workout Log'!I$4:I$500,'Exercise Library'!$B$4:$D$200,3,FALSE()),"")=A9))+SUMPRODUCT(('Workout Log'!$A$4:$A$500>=TODAY()-7)*('Workout Log'!$A$4:$A$500<>"")*(IFERROR(VLOOKUP('Workout Log'!J$4:J$500,'Exercise Library'!$B$4:$C$200,2,FALSE()),"")=A9))+SUMPRODUCT(('Workout Log'!$A$4:$A$500>=TODAY()-7)*('Workout Log'!$A$4:$A$500<>"")*(IFERROR(VLOOKUP('Workout Log'!J$4:J$500,'Exercise Library'!$B$4:$D$200,3,FALSE()),"")=A9))+SUMPRODUCT(('Workout Log'!$A$4:$A$500>=TODAY()-7)*('Workout Log'!$A$4:$A$500<>"")*(IFERROR(VLOOKUP('Workout Log'!K$4:K$500,'Exercise Library'!$B$4:$C$200,2,FALSE()),"")=A9))+SUMPRODUCT(('Workout Log'!$A$4:$A$500>=TODAY()-7)*('Workout Log'!$A$4:$A$500<>"")*(IFERROR(VLOOKUP('Workout Log'!K$4:K$500,'Exercise Library'!$B$4:$D$200,3,FALSE()),"")=A9))+SUMPRODUCT(('Workout Log'!$A$4:$A$500>=TODAY()-7)*('Workout Log'!$A$4:$A$500<>"")*(IFERROR(VLOOKUP('Workout Log'!L$4:L$500,'Exercise Library'!$B$4:$C$200,2,FALSE()),"")=A9))+SUMPRODUCT(('Workout Log'!$A$4:$A$500>=TODAY()-7)*('Workout Log'!$A$4:$A$500<>"")*(IFERROR(VLOOKUP('Workout Log'!L$4:L$500,'Exercise Library'!$B$4:$D$200,3,FALSE()),"")=A9))+SUMPRODUCT(('Workout Log'!$A$4:$A$500>=TODAY()-7)*('Workout Log'!$A$4:$A$500<>"")*(IFERROR(VLOOKUP('Workout Log'!M$4:M$500,'Exercise Library'!$B$4:$C$200,2,FALSE()),"")=A9))+SUMPRODUCT(('Workout Log'!$A$4:$A$500>=TODAY()-7)*('Workout Log'!$A$4:$A$500<>"")*(IFERROR(VLOOKUP('Workout Log'!M$4:M$500,'Exercise Library'!$B$4:$D$200,3,FALSE()),"")=A9)) -> 0 | C9: =SUMPRODUCT(('Workout Log'!$A$4:$A$500>=TODAY()-14)*('Workout Log'!$A$4:$A$500<>"")*(IFERROR(VLOOKUP('Workout Log'!F$4:F$500,'Exercise Library'!$B$4:$C$200,2,FALSE()),"")=A9))+SUMPRODUCT(('Workout Log'!$A$4:$A$500>=TODAY()-14)*('Workout Log'!$A$4:$A$500<>"")*(IFERROR(VLOOKUP('Workout Log'!F$4:F$500,'Exercise Library'!$B$4:$D$200,3,FALSE()),"")=A9))+SUMPRODUCT(('Workout Log'!$A$4:$A$500>=TODAY()-14)*('Workout Log'!$A$4:$A$500<>"")*(IFERROR(VLOOKUP('Workout Log'!G$4:G$500,'Exercise Library'!$B$4:$C$200,2,FALSE()),"")=A9))+SUMPRODUCT(('Workout Log'!$A$4:$A$500>=TODAY()-14)*('Workout Log'!$A$4:$A$500<>"")*(IFERROR(VLOOKUP('Workout Log'!G$4:G$500,'Exercise Library'!$B$4:$D$200,3,FALSE()),"")=A9))+SUMPRODUCT(('Workout Log'!$A$4:$A$500>=TODAY()-14)*('Workout Log'!$A$4:$A$500<>"")*(IFERROR(VLOOKUP('Workout Log'!H$4:H$500,'Exercise Library'!$B$4:$C$200,2,FALSE()),"")=A9))+SUMPRODUCT(('Workout Log'!$A$4:$A$500>=TODAY()-14)*('Workout Log'!$A$4:$A$500<>"")*(IFERROR(VLOOKUP('Workout Log'!H$4:H$500,'Exercise Library'!$B$4:$D$200,3,FALSE()),"")=A9))+SUMPRODUCT(('Workout Log'!$A$4:$A$500>=TODAY()-14)*('Workout Log'!$A$4:$A$500<>"")*(IFERROR(VLOOKUP('Workout Log'!I$4:I$500,'Exercise Library'!$B$4:$C$200,2,FALSE()),"")=A9))+SUMPRODUCT(('Workout Log'!$A$4:$A$500>=TODAY()-14)*('Workout Log'!$A$4:$A$500<>"")*(IFERROR(VLOOKUP('Workout Log'!I$4:I$500,'Exercise Library'!$B$4:$D$200,3,FALSE()),"")=A9))+SUMPRODUCT(('Workout Log'!$A$4:$A$500>=TODAY()-14)*('Workout Log'!$A$4:$A$500<>"")*(IFERROR(VLOOKUP('Workout Log'!J$4:J$500,'Exercise Library'!$B$4:$C$200,2,FALSE()),"")=A9))+SUMPRODUCT(('Workout Log'!$A$4:$A$500>=TODAY()-14)*('Workout Log'!$A$4:$A$500<>"")*(IFERROR(VLOOKUP('Workout Log'!J$4:J$500,'Exercise Library'!$B$4:$D$200,3,FALSE()),"")=A9))+SUMPRODUCT(('Workout Log'!$A$4:$A$500>=TODAY()-14)*('Workout Log'!$A$4:$A$500<>"")*(IFERROR(VLOOKUP('Workout Log'!K$4:K$500,'Exercise Library'!$B$4:$C$200,2,FALSE()),"")=A9))+SUMPRODUCT(('Workout Log'!$A$4:$A$500>=TODAY()-14)*('Workout Log'!$A$4:$A$500<>"")*(IFERROR(VLOOKUP('Workout Log'!K$4:K$500,'Exercise Library'!$B$4:$D$200,3,FALSE()),"")=A9))+SUMPRODUCT(('Workout Log'!$A$4:$A$500>=TODAY()-14)*('Workout Log'!$A$4:$A$500<>"")*(IFERROR(VLOOKUP('Workout Log'!L$4:L$500,'Exercise Library'!$B$4:$C$200,2,FALSE()),"")=A9))+SUMPRODUCT(('Workout Log'!$A$4:$A$500>=TODAY()-14)*('Workout Log'!$A$4:$A$500<>"")*(IFERROR(VLOOKUP('Workout Log'!L$4:L$500,'Exercise Library'!$B$4:$D$200,3,FALSE()),"")=A9))+SUMPRODUCT(('Workout Log'!$A$4:$A$500>=TODAY()-14)*('Workout Log'!$A$4:$A$500<>"")*(IFERROR(VLOOKUP('Workout Log'!M$4:M$500,'Exercise Library'!$B$4:$C$200,2,FALSE()),"")=A9))+SUMPRODUCT(('Workout Log'!$A$4:$A$500>=TODAY()-14)*('Workout Log'!$A$4:$A$500<>"")*(IFERROR(VLOOKUP('Workout Log'!M$4:M$500,'Exercise Library'!$B$4:$D$200,3,FALSE()),"")=A9)) -> 0 | D9: =SUMPRODUCT(('Workout Log'!$A$4:$A$500>=TODAY()-30)*('Workout Log'!$A$4:$A$500<>"")*(IFERROR(VLOOKUP('Workout Log'!F$4:F$500,'Exercise Library'!$B$4:$C$200,2,FALSE()),"")=A9))+SUMPRODUCT(('Workout Log'!$A$4:$A$500>=TODAY()-30)*('Workout Log'!$A$4:$A$500<>"")*(IFERROR(VLOOKUP('Workout Log'!F$4:F$500,'Exercise Library'!$B$4:$D$200,3,FALSE()),"")=A9))+SUMPRODUCT(('Workout Log'!$A$4:$A$500>=TODAY()-30)*('Workout Log'!$A$4:$A$500<>"")*(IFERROR(VLOOKUP('Workout Log'!G$4:G$500,'Exercise Library'!$B$4:$C$200,2,FALSE()),"")=A9))+SUMPRODUCT(('Workout Log'!$A$4:$A$500>=TODAY()-30)*('Workout Log'!$A$4:$A$500<>"")*(IFERROR(VLOOKUP('Workout Log'!G$4:G$500,'Exercise Library'!$B$4:$D$200,3,FALSE()),"")=A9))+SUMPRODUCT(('Workout Log'!$A$4:$A$500>=TODAY()-30)*('Workout Log'!$A$4:$A$500<>"")*(IFERROR(VLOOKUP('Workout Log'!H$4:H$500,'Exercise Library'!$B$4:$C$200,2,FALSE()),"")=A9))+SUMPRODUCT(('Workout Log'!$A$4:$A$500>=TODAY()-30)*('Workout Log'!$A$4:$A$500<>"")*(IFERROR(VLOOKUP('Workout Log'!H$4:H$500,'Exercise Library'!$B$4:$D$200,3,FALSE()),"")=A9))+SUMPRODUCT(('Workout Log'!$A$4:$A$500>=TODAY()-30)*('Workout Log'!$A$4:$A$500<>"")*(IFERROR(VLOOKUP('Workout Log'!I$4:I$500,'Exercise Library'!$B$4:$C$200,2,FALSE()),"")=A9))+SUMPRODUCT(('Workout Log'!$A$4:$A$500>=TODAY()-30)*('Workout Log'!$A$4:$A$500<>"")*(IFERROR(VLOOKUP('Workout Log'!I$4:I$500,'Exercise Library'!$B$4:$D$200,3,FALSE()),"")=A9))+SUMPRODUCT(('Workout Log'!$A$4:$A$500>=TODAY()-30)*('Workout Log'!$A$4:$A$500<>"")*(IFERROR(VLOOKUP('Workout Log'!J$4:J$500,'Exercise Library'!$B$4:$C$200,2,FALSE()),"")=A9))+SUMPRODUCT(('Workout Log'!$A$4:$A$500>=TODAY()-30)*('Workout Log'!$A$4:$A$500<>"")*(IFERROR(VLOOKUP('Workout Log'!J$4:J$500,'Exercise Library'!$B$4:$D$200,3,FALSE()),"")=A9))+SUMPRODUCT(('Workout Log'!$A$4:$A$500>=TODAY()-30)*('Workout Log'!$A$4:$A$500<>"")*(IFERROR(VLOOKUP('Workout Log'!K$4:K$500,'Exercise Library'!$B$4:$C$200,2,FALSE()),"")=A9))+SUMPRODUCT(('Workout Log'!$A$4:$A$500>=TODAY()-30)*('Workout Log'!$A$4:$A$500<>"")*(IFERROR(VLOOKUP('Workout Log'!K$4:K$500,'Exercise Library'!$B$4:$D$200,3,FALSE()),"")=A9))+SUMPRODUCT(('Workout Log'!$A$4:$A$500>=TODAY()-30)*('Workout Log'!$A$4:$A$500<>"")*(IFERROR(VLOOKUP('Workout Log'!L$4:L$500,'Exercise Library'!$B$4:$C$200,2,FALSE()),"")=A9))+SUMPRODUCT(('Workout Log'!$A$4:$A$500>=TODAY()-30)*('Workout Log'!$A$4:$A$500<>"")*(IFERROR(VLOOKUP('Workout Log'!L$4:L$500,'Exercise Library'!$B$4:$D$200,3,FALSE()),"")=A9))+SUMPRODUCT(('Workout Log'!$A$4:$A$500>=TODAY()-30)*('Workout Log'!$A$4:$A$500<>"")*(IFERROR(VLOOKUP('Workout Log'!M$4:M$500,'Exercise Library'!$B$4:$C$200,2,FALSE()),"")=A9))+SUMPRODUCT(('Workout Log'!$A$4:$A$500>=TODAY()-30)*('Workout Log'!$A$4:$A$500<>"")*(IFERROR(VLOOKUP('Workout Log'!M$4:M$500,'Exercise Library'!$B$4:$D$200,3,FALSE()),"")=A9)) -> 0 | E9: =SUMPRODUCT(('Workout Log'!$A$4:$A$500>0)*('Workout Log'!$A$4:$A$500<>"")*(IFERROR(VLOOKUP('Workout Log'!F$4:F$500,'Exercise Library'!$B$4:$C$200,2,FALSE()),"")=A9))+SUMPRODUCT(('Workout Log'!$A$4:$A$500>0)*('Workout Log'!$A$4:$A$500<>"")*(IFERROR(VLOOKUP('Workout Log'!F$4:F$500,'Exercise Library'!$B$4:$D$200,3,FALSE()),"")=A9))+SUMPRODUCT(('Workout Log'!$A$4:$A$500>0)*('Workout Log'!$A$4:$A$500<>"")*(IFERROR(VLOOKUP('Workout Log'!G$4:G$500,'Exercise Library'!$B$4:$C$200,2,FALSE()),"")=A9))+SUMPRODUCT(('Workout Log'!$A$4:$A$500>0)*('Workout Log'!$A$4:$A$500<>"")*(IFERROR(VLOOKUP('Workout Log'!G$4:G$500,'Exercise Library'!$B$4:$D$200,3,FALSE()),"")=A9))+SUMPRODUCT(('Workout Log'!$A$4:$A$500>0)*('Workout Log'!$A$4:$A$500<>"")*(IFERROR(VLOOKUP('Workout Log'!H$4:H$500,'Exercise Library'!$B$4:$C$200,2,FALSE()),"")=A9))+SUMPRODUCT(('Workout Log'!$A$4:$A$500>0)*('Workout Log'!$A$4:$A$500<>"")*(IFERROR(VLOOKUP('Workout Log'!H$4:H$500,'Exercise Library'!$B$4:$D$200,3,FALSE()),"")=A9))+SUMPRODUCT(('Workout Log'!$A$4:$A$500>0)*('Workout Log'!$A$4:$A$500<>"")*(IFERROR(VLOOKUP('Workout Log'!I$4:I$500,'Exercise Library'!$B$4:$C$200,2,FALSE()),"")=A9))+SUMPRODUCT(('Workout Log'!$A$4:$A$500>0)*('Workout Log'!$A$4:$A$500<>"")*(IFERROR(VLOOKUP('Workout Log'!I$4:I$500,'Exercise Library'!$B$4:$D$200,3,FALSE()),"")=A9))+SUMPRODUCT(('Workout Log'!$A$4:$A$500>0)*('Workout Log'!$A$4:$A$500<>"")*(IFERROR(VLOOKUP('Workout Log'!J$4:J$500,'Exercise Library'!$B$4:$C$200,2,FALSE()),"")=A9))+SUMPRODUCT(('Workout Log'!$A$4:$A$500>0)*('Workout Log'!$A$4:$A$500<>"")*(IFERROR(VLOOKUP('Workout Log'!J$4:J$500,'Exercise Library'!$B$4:$D$200,3,FALSE()),"")=A9))+SUMPRODUCT(('Workout Log'!$A$4:$A$500>0)*('Workout Log'!$A$4:$A$500<>"")*(IFERROR(VLOOKUP('Workout Log'!K$4:K$500,'Exercise Library'!$B$4:$C$200,2,FALSE()),"")=A9))+SUMPRODUCT(('Workout Log'!$A$4:$A$500>0)*('Workout Log'!$A$4:$A$500<>"")*(IFERROR(VLOOKUP('Workout Log'!K$4:K$500,'Exercise Library'!$B$4:$D$200,3,FALSE()),"")=A9))+SUMPRODUCT(('Workout Log'!$A$4:$A$500>0)*('Workout Log'!$A$4:$A$500<>"")*(IFERROR(VLOOKUP('Workout Log'!L$4:L$500,'Exercise Library'!$B$4:$C$200,2,FALSE()),"")=A9))+SUMPRODUCT(('Workout Log'!$A$4:$A$500>0)*('Workout Log'!$A$4:$A$500<>"")*(IFERROR(VLOOKUP('Workout Log'!L$4:L$500,'Exercise Library'!$B$4:$D$200,3,FALSE()),"")=A9))+SUMPRODUCT(('Workout Log'!$A$4:$A$500>0)*('Workout Log'!$A$4:$A$500<>"")*(IFERROR(VLOOKUP('Workout Log'!M$4:M$500,'Exercise Library'!$B$4:$C$200,2,FALSE()),"")=A9))+SUMPRODUCT(('Workout Log'!$A$4:$A$500>0)*('Workout Log'!$A$4:$A$500<>"")*(IFERROR(VLOOKUP('Workout Log'!M$4:M$500,'Exercise Library'!$B$4:$D$200,3,FALSE()),"")=A9)) -> 0 | F9: =IF(E9=0,"Never",IFERROR(TODAY()-MAX(B9*0+TODAY()-7),"N/A")) -> Never | G9: 2 | H9: =MAX(0, G9-B9) -> 2
A10: Push (Vertical) | B10: =SUMPRODUCT(('Workout Log'!$A$4:$A$500>=TODAY()-7)*('Workout Log'!$A$4:$A$500<>"")*(IFERROR(VLOOKUP('Workout Log'!F$4:F$500,'Exercise Library'!$B$4:$C$200,2,FALSE()),"")=A10))+SUMPRODUCT(('Workout Log'!$A$4:$A$500>=TODAY()-7)*('Workout Log'!$A$4:$A$500<>"")*(IFERROR(VLOOKUP('Workout Log'!F$4:F$500,'Exercise Library'!$B$4:$D$200,3,FALSE()),"")=A10))+SUMPRODUCT(('Workout Log'!$A$4:$A$500>=TODAY()-7)*('Workout Log'!$A$4:$A$500<>"")*(IFERROR(VLOOKUP('Workout Log'!G$4:G$500,'Exercise Library'!$B$4:$C$200,2,FALSE()),"")=A10))+SUMPRODUCT(('Workout Log'!$A$4:$A$500>=TODAY()-7)*('Workout Log'!$A$4:$A$500<>"")*(IFERROR(VLOOKUP('Workout Log'!G$4:G$500,'Exercise Library'!$B$4:$D$200,3,FALSE()),"")=A10))+SUMPRODUCT(('Workout Log'!$A$4:$A$500>=TODAY()-7)*('Workout Log'!$A$4:$A$500<>"")*(IFERROR(VLOOKUP('Workout Log'!H$4:H$500,'Exercise Library'!$B$4:$C$200,2,FALSE()),"")=A10))+SUMPRODUCT(('Workout Log'!$A$4:$A$500>=TODAY()-7)*('Workout Log'!$A$4:$A$500<>"")*(IFERROR(VLOOKUP('Workout Log'!H$4:H$500,'Exercise Library'!$B$4:$D$200,3,FALSE()),"")=A10))+SUMPRODUCT(('Workout Log'!$A$4:$A$500>=TODAY()-7)*('Workout Log'!$A$4:$A$500<>"")*(IFERROR(VLOOKUP('Workout Log'!I$4:I$500,'Exercise Library'!$B$4:$C$200,2,FALSE()),"")=A10))+SUMPRODUCT(('Workout Log'!$A$4:$A$500>=TODAY()-7)*('Workout Log'!$A$4:$A$500<>"")*(IFERROR(VLOOKUP('Workout Log'!I$4:I$500,'Exercise Library'!$B$4:$D$200,3,FALSE()),"")=A10))+SUMPRODUCT(('Workout Log'!$A$4:$A$500>=TODAY()-7)*('Workout Log'!$A$4:$A$500<>"")*(IFERROR(VLOOKUP('Workout Log'!J$4:J$500,'Exercise Library'!$B$4:$C$200,2,FALSE()),"")=A10))+SUMPRODUCT(('Workout Log'!$A$4:$A$500>=TODAY()-7)*('Workout Log'!$A$4:$A$500<>"")*(IFERROR(VLOOKUP('Workout Log'!J$4:J$500,'Exercise Library'!$B$4:$D$200,3,FALSE()),"")=A10))+SUMPRODUCT(('Workout Log'!$A$4:$A$500>=TODAY()-7)*('Workout Log'!$A$4:$A$500<>"")*(IFERROR(VLOOKUP('Workout Log'!K$4:K$500,'Exercise Library'!$B$4:$C$200,2,FALSE()),"")=A10))+SUMPRODUCT(('Workout Log'!$A$4:$A$500>=TODAY()-7)*('Workout Log'!$A$4:$A$500<>"")*(IFERROR(VLOOKUP('Workout Log'!K$4:K$500,'Exercise Library'!$B$4:$D$200,3,FALSE()),"")=A10))+SUMPRODUCT(('Workout Log'!$A$4:$A$500>=TODAY()-7)*('Workout Log'!$A$4:$A$500<>"")*(IFERROR(VLOOKUP('Workout Log'!L$4:L$500,'Exercise Library'!$B$4:$C$200,2,FALSE()),"")=A10))+SUMPRODUCT(('Workout Log'!$A$4:$A$500>=TODAY()-7)*('Workout Log'!$A$4:$A$500<>"")*(IFERROR(VLOOKUP('Workout Log'!L$4:L$500,'Exercise Library'!$B$4:$D$200,3,FALSE()),"")=A10))+SUMPRODUCT(('Workout Log'!$A$4:$A$500>=TODAY()-7)*('Workout Log'!$A$4:$A$500<>"")*(IFERROR(VLOOKUP('Workout Log'!M$4:M$500,'Exercise Library'!$B$4:$C$200,2,FALSE()),"")=A10))+SUMPRODUCT(('Workout Log'!$A$4:$A$500>=TODAY()-7)*('Workout Log'!$A$4:$A$500<>"")*(IFERROR(VLOOKUP('Workout Log'!M$4:M$500,'Exercise Library'!$B$4:$D$200,3,FALSE()),"")=A10)) -> 0 | C10: =SUMPRODUCT(('Workout Log'!$A$4:$A$500>=TODAY()-14)*('Workout Log'!$A$4:$A$500<>"")*(IFERROR(VLOOKUP('Workout Log'!F$4:F$500,'Exercise Library'!$B$4:$C$200,2,FALSE()),"")=A10))+SUMPRODUCT(('Workout Log'!$A$4:$A$500>=TODAY()-14)*('Workout Log'!$A$4:$A$500<>"")*(IFERROR(VLOOKUP('Workout Log'!F$4:F$500,'Exercise Library'!$B$4:$D$200,3,FALSE()),"")=A10))+SUMPRODUCT(('Workout Log'!$A$4:$A$500>=TODAY()-14)*('Workout Log'!$A$4:$A$500<>"")*(IFERROR(VLOOKUP('Workout Log'!G$4:G$500,'Exercise Library'!$B$4:$C$200,2,FALSE()),"")=A10))+SUMPRODUCT(('Workout Log'!$A$4:$A$500>=TODAY()-14)*('Workout Log'!$A$4:$A$500<>"")*(IFERROR(VLOOKUP('Workout Log'!G$4:G$500,'Exercise Library'!$B$4:$D$200,3,FALSE()),"")=A10))+SUMPRODUCT(('Workout Log'!$A$4:$A$500>=TODAY()-14)*('Workout Log'!$A$4:$A$500<>"")*(IFERROR(VLOOKUP('Workout Log'!H$4:H$500,'Exercise Library'!$B$4:$C$200,2,FALSE()),"")=A10))+SUMPRODUCT(('Workout Log'!$A$4:$A$500>=TODAY()-14)*('Workout Log'!$A$4:$A$500<>"")*(IFERROR(VLOOKUP('Workout Log'!H$4:H$500,'Exercise Library'!$B$4:$D$200,3,FALSE()),"")=A10))+SUMPRODUCT(('Workout Log'!$A$4:$A$500>=TODAY()-14)*('Workout Log'!$A$4:$A$500<>"")*(IFERROR(VLOOKUP('Workout Log'!I$4:I$500,'Exercise Library'!$B$4:$C$200,2,FALSE()),"")=A10))+SUMPRODUCT(('Workout Log'!$A$4:$A$500>=TODAY()-14)*('Workout Log'!$A$4:$A$500<>"")*(IFERROR(VLOOKUP('Workout Log'!I$4:I$500,'Exercise Library'!$B$4:$D$200,3,FALSE()),"")=A10))+SUMPRODUCT(('Workout Log'!$A$4:$A$500>=TODAY()-14)*('Workout Log'!$A$4:$A$500<>"")*(IFERROR(VLOOKUP('Workout Log'!J$4:J$500,'Exercise Library'!$B$4:$C$200,2,FALSE()),"")=A10))+SUMPRODUCT(('Workout Log'!$A$4:$A$500>=TODAY()-14)*('Workout Log'!$A$4:$A$500<>"")*(IFERROR(VLOOKUP('Workout Log'!J$4:J$500,'Exercise Library'!$B$4:$D$200,3,FALSE()),"")=A10))+SUMPRODUCT(('Workout Log'!$A$4:$A$500>=TODAY()-14)*('Workout Log'!$A$4:$A$500<>"")*(IFERROR(VLOOKUP('Workout Log'!K$4:K$500,'Exercise Library'!$B$4:$C$200,2,FALSE()),"")=A10))+SUMPRODUCT(('Workout Log'!$A$4:$A$500>=TODAY()-14)*('Workout Log'!$A$4:$A$500<>"")*(IFERROR(VLOOKUP('Workout Log'!K$4:K$500,'Exercise Library'!$B$4:$D$200,3,FALSE()),"")=A10))+SUMPRODUCT(('Workout Log'!$A$4:$A$500>=TODAY()-14)*('Workout Log'!$A$4:$A$500<>"")*(IFERROR(VLOOKUP('Workout Log'!L$4:L$500,'Exercise Library'!$B$4:$C$200,2,FALSE()),"")=A10))+SUMPRODUCT(('Workout Log'!$A$4:$A$500>=TODAY()-14)*('Workout Log'!$A$4:$A$500<>"")*(IFERROR(VLOOKUP('Workout Log'!L$4:L$500,'Exercise Library'!$B$4:$D$200,3,FALSE()),"")=A10))+SUMPRODUCT(('Workout Log'!$A$4:$A$500>=TODAY()-14)*('Workout Log'!$A$4:$A$500<>"")*(IFERROR(VLOOKUP('Workout Log'!M$4:M$500,'Exercise Library'!$B$4:$C$200,2,FALSE()),"")=A10))+SUMPRODUCT(('Workout Log'!$A$4:$A$500>=TODAY()-14)*('Workout Log'!$A$4:$A$500<>"")*(IFERROR(VLOOKUP('Workout Log'!M$4:M$500,'Exercise Library'!$B$4:$D$200,3,FALSE()),"")=A10)) -> 0 | D10: =SUMPRODUCT(('Workout Log'!$A$4:$A$500>=TODAY()-30)*('Workout Log'!$A$4:$A$500<>"")*(IFERROR(VLOOKUP('Workout Log'!F$4:F$500,'Exercise Library'!$B$4:$C$200,2,FALSE()),"")=A10))+SUMPRODUCT(('Workout Log'!$A$4:$A$500>=TODAY()-30)*('Workout Log'!$A$4:$A$500<>"")*(IFERROR(VLOOKUP('Workout Log'!F$4:F$500,'Exercise Library'!$B$4:$D$200,3,FALSE()),"")=A10))+SUMPRODUCT(('Workout Log'!$A$4:$A$500>=TODAY()-30)*('Workout Log'!$A$4:$A$500<>"")*(IFERROR(VLOOKUP('Workout Log'!G$4:G$500,'Exercise Library'!$B$4:$C$200,2,FALSE()),"")=A10))+SUMPRODUCT(('Workout Log'!$A$4:$A$500>=TODAY()-30)*('Workout Log'!$A$4:$A$500<>"")*(IFERROR(VLOOKUP('Workout Log'!G$4:G$500,'Exercise Library'!$B$4:$D$200,3,FALSE()),"")=A10))+SUMPRODUCT(('Workout Log'!$A$4:$A$500>=TODAY()-30)*('Workout Log'!$A$4:$A$500<>"")*(IFERROR(VLOOKUP('Workout Log'!H$4:H$500,'Exercise Library'!$B$4:$C$200,2,FALSE()),"")=A10))+SUMPRODUCT(('Workout Log'!$A$4:$A$500>=TODAY()-30)*('Workout Log'!$A$4:$A$500<>"")*(IFERROR(VLOOKUP('Workout Log'!H$4:H$500,'Exercise Library'!$B$4:$D$200,3,FALSE()),"")=A10))+SUMPRODUCT(('Workout Log'!$A$4:$A$500>=TODAY()-30)*('Workout Log'!$A$4:$A$500<>"")*(IFERROR(VLOOKUP('Workout Log'!I$4:I$500,'Exercise Library'!$B$4:$C$200,2,FALSE()),"")=A10))+SUMPRODUCT(('Workout Log'!$A$4:$A$500>=TODAY()-30)*('Workout Log'!$A$4:$A$500<>"")*(IFERROR(VLOOKUP('Workout Log'!I$4:I$500,'Exercise Library'!$B$4:$D$200,3,FALSE()),"")=A10))+SUMPRODUCT(('Workout Log'!$A$4:$A$500>=TODAY()-30)*('Workout Log'!$A$4:$A$500<>"")*(IFERROR(VLOOKUP('Workout Log'!J$4:J$500,'Exercise Library'!$B$4:$C$200,2,FALSE()),"")=A10))+SUMPRODUCT(('Workout Log'!$A$4:$A$500>=TODAY()-30)*('Workout Log'!$A$4:$A$500<>"")*(IFERROR(VLOOKUP('Workout Log'!J$4:J$500,'Exercise Library'!$B$4:$D$200,3,FALSE()),"")=A10))+SUMPRODUCT(('Workout Log'!$A$4:$A$500>=TODAY()-30)*('Workout Log'!$A$4:$A$500<>"")*(IFERROR(VLOOKUP('Workout Log'!K$4:K$500,'Exercise Library'!$B$4:$C$200,2,FALSE()),"")=A10))+SUMPRODUCT(('Workout Log'!$A$4:$A$500>=TODAY()-30)*('Workout Log'!$A$4:$A$500<>"")*(IFERROR(VLOOKUP('Workout Log'!K$4:K$500,'Exercise Library'!$B$4:$D$200,3,FALSE()),"")=A10))+SUMPRODUCT(('Workout Log'!$A$4:$A$500>=TODAY()-30)*('Workout Log'!$A$4:$A$500<>"")*(IFERROR(VLOOKUP('Workout Log'!L$4:L$500,'Exercise Library'!$B$4:$C$200,2,FALSE()),"")=A10))+SUMPRODUCT(('Workout Log'!$A$4:$A$500>=TODAY()-30)*('Workout Log'!$A$4:$A$500<>"")*(IFERROR(VLOOKUP('Workout Log'!L$4:L$500,'Exercise Library'!$B$4:$D$200,3,FALSE()),"")=A10))+SUMPRODUCT(('Workout Log'!$A$4:$A$500>=TODAY()-30)*('Workout Log'!$A$4:$A$500<>"")*(IFERROR(VLOOKUP('Workout Log'!M$4:M$500,'Exercise Library'!$B$4:$C$200,2,FALSE()),"")=A10))+SUMPRODUCT(('Workout Log'!$A$4:$A$500>=TODAY()-30)*('Workout Log'!$A$4:$A$500<>"")*(IFERROR(VLOOKUP('Workout Log'!M$4:M$500,'Exercise Library'!$B$4:$D$200,3,FALSE()),"")=A10)) -> 0 | E10: =SUMPRODUCT(('Workout Log'!$A$4:$A$500>0)*('Workout Log'!$A$4:$A$500<>"")*(IFERROR(VLOOKUP('Workout Log'!F$4:F$500,'Exercise Library'!$B$4:$C$200,2,FALSE()),"")=A10))+SUMPRODUCT(('Workout Log'!$A$4:$A$500>0)*('Workout Log'!$A$4:$A$500<>"")*(IFERROR(VLOOKUP('Workout Log'!F$4:F$500,'Exercise Library'!$B$4:$D$200,3,FALSE()),"")=A10))+SUMPRODUCT(('Workout Log'!$A$4:$A$500>0)*('Workout Log'!$A$4:$A$500<>"")*(IFERROR(VLOOKUP('Workout Log'!G$4:G$500,'Exercise Library'!$B$4:$C$200,2,FALSE()),"")=A10))+SUMPRODUCT(('Workout Log'!$A$4:$A$500>0)*('Workout Log'!$A$4:$A$500<>"")*(IFERROR(VLOOKUP('Workout Log'!G$4:G$500,'Exercise Library'!$B$4:$D$200,3,FALSE()),"")=A10))+SUMPRODUCT(('Workout Log'!$A$4:$A$500>0)*('Workout Log'!$A$4:$A$500<>"")*(IFERROR(VLOOKUP('Workout Log'!H$4:H$500,'Exercise Library'!$B$4:$C$200,2,FALSE()),"")=A10))+SUMPRODUCT(('Workout Log'!$A$4:$A$500>0)*('Workout Log'!$A$4:$A$500<>"")*(IFERROR(VLOOKUP('Workout Log'!H$4:H$500,'Exercise Library'!$B$4:$D$200,3,FALSE()),"")=A10))+SUMPRODUCT(('Workout Log'!$A$4:$A$500>0)*('Workout Log'!$A$4:$A$500<>"")*(IFERROR(VLOOKUP('Workout Log'!I$4:I$500,'Exercise Library'!$B$4:$C$200,2,FALSE()),"")=A10))+SUMPRODUCT(('Workout Log'!$A$4:$A$500>0)*('Workout Log'!$A$4:$A$500<>"")*(IFERROR(VLOOKUP('Workout Log'!I$4:I$500,'Exercise Library'!$B$4:$D$200,3,FALSE()),"")=A10))+SUMPRODUCT(('Workout Log'!$A$4:$A$500>0)*('Workout Log'!$A$4:$A$500<>"")*(IFERROR(VLOOKUP('Workout Log'!J$4:J$500,'Exercise Library'!$B$4:$C$200,2,FALSE()),"")=A10))+SUMPRODUCT(('Workout Log'!$A$4:$A$500>0)*('Workout Log'!$A$4:$A$500<>"")*(IFERROR(VLOOKUP('Workout Log'!J$4:J$500,'Exercise Library'!$B$4:$D$200,3,FALSE()),"")=A10))+SUMPRODUCT(('Workout Log'!$A$4:$A$500>0)*('Workout Log'!$A$4:$A$500<>"")*(IFERROR(VLOOKUP('Workout Log'!K$4:K$500,'Exercise Library'!$B$4:$C$200,2,FALSE()),"")=A10))+SUMPRODUCT(('Workout Log'!$A$4:$A$500>0)*('Workout Log'!$A$4:$A$500<>"")*(IFERROR(VLOOKUP('Workout Log'!K$4:K$500,'Exercise Library'!$B$4:$D$200,3,FALSE()),"")=A10))+SUMPRODUCT(('Workout Log'!$A$4:$A$500>0)*('Workout Log'!$A$4:$A$500<>"")*(IFERROR(VLOOKUP('Workout Log'!L$4:L$500,'Exercise Library'!$B$4:$C$200,2,FALSE()),"")=A10))+SUMPRODUCT(('Workout Log'!$A$4:$A$500>0)*('Workout Log'!$A$4:$A$500<>"")*(IFERROR(VLOOKUP('Workout Log'!L$4:L$500,'Exercise Library'!$B$4:$D$200,3,FALSE()),"")=A10))+SUMPRODUCT(('Workout Log'!$A$4:$A$500>0)*('Workout Log'!$A$4:$A$500<>"")*(IFERROR(VLOOKUP('Workout Log'!M$4:M$500,'Exercise Library'!$B$4:$C$200,2,FALSE()),"")=A10))+SUMPRODUCT(('Workout Log'!$A$4:$A$500>0)*('Workout Log'!$A$4:$A$500<>"")*(IFERROR(VLOOKUP('Workout Log'!M$4:M$500,'Exercise Library'!$B$4:$D$200,3,FALSE()),"")=A10)) -> 0 | F10: =IF(E10=0,"Never",IFERROR(TODAY()-MAX(B10*0+TODAY()-7),"N/A")) -> Never | G10: 2 | H10: =MAX(0, G10-B10) -> 2
A11: Pull (Horizontal) | B11: =SUMPRODUCT(('Workout Log'!$A$4:$A$500>=TODAY()-7)*('Workout Log'!$A$4:$A$500<>"")*(IFERROR(VLOOKUP('Workout Log'!F$4:F$500,'Exercise Library'!$B$4:$C$200,2,FALSE()),"")=A11))+SUMPRODUCT(('Workout Log'!$A$4:$A$500>=TODAY()-7)*('Workout Log'!$A$4:$A$500<>"")*(IFERROR(VLOOKUP('Workout Log'!F$4:F$500,'Exercise Library'!$B$4:$D$200,3,FALSE()),"")=A11))+SUMPRODUCT(('Workout Log'!$A$4:$A$500>=TODAY()-7)*('Workout Log'!$A$4:$A$500<>"")*(IFERROR(VLOOKUP('Workout Log'!G$4:G$500,'Exercise Library'!$B$4:$C$200,2,FALSE()),"")=A11))+SUMPRODUCT(('Workout Log'!$A$4:$A$500>=TODAY()-7)*('Workout Log'!$A$4:$A$500<>"")*(IFERROR(VLOOKUP('Workout Log'!G$4:G$500,'Exercise Library'!$B$4:$D$200,3,FALSE()),"")=A11))+SUMPRODUCT(('Workout Log'!$A$4:$A$500>=TODAY()-7)*('Workout Log'!$A$4:$A$500<>"")*(IFERROR(VLOOKUP('Workout Log'!H$4:H$500,'Exercise Library'!$B$4:$C$200,2,FALSE()),"")=A11))+SUMPRODUCT(('Workout Log'!$A$4:$A$500>=TODAY()-7)*('Workout Log'!$A$4:$A$500<>"")*(IFERROR(VLOOKUP('Workout Log'!H$4:H$500,'Exercise Library'!$B$4:$D$200,3,FALSE()),"")=A11))+SUMPRODUCT(('Workout Log'!$A$4:$A$500>=TODAY()-7)*('Workout Log'!$A$4:$A$500<>"")*(IFERROR(VLOOKUP('Workout Log'!I$4:I$500,'Exercise Library'!$B$4:$C$200,2,FALSE()),"")=A11))+SUMPRODUCT(('Workout Log'!$A$4:$A$500>=TODAY()-7)*('Workout Log'!$A$4:$A$500<>"")*(IFERROR(VLOOKUP('Workout Log'!I$4:I$500,'Exercise Library'!$B$4:$D$200,3,FALSE()),"")=A11))+SUMPRODUCT(('Workout Log'!$A$4:$A$500>=TODAY()-7)*('Workout Log'!$A$4:$A$500<>"")*(IFERROR(VLOOKUP('Workout Log'!J$4:J$500,'Exercise Library'!$B$4:$C$200,2,FALSE()),"")=A11))+SUMPRODUCT(('Workout Log'!$A$4:$A$500>=TODAY()-7)*('Workout Log'!$A$4:$A$500<>"")*(IFERROR(VLOOKUP('Workout Log'!J$4:J$500,'Exercise Library'!$B$4:$D$200,3,FALSE()),"")=A11))+SUMPRODUCT(('Workout Log'!$A$4:$A$500>=TODAY()-7)*('Workout Log'!$A$4:$A$500<>"")*(IFERROR(VLOOKUP('Workout Log'!K$4:K$500,'Exercise Library'!$B$4:$C$200,2,FALSE()),"")=A11))+SUMPRODUCT(('Workout Log'!$A$4:$A$500>=TODAY()-7)*('Workout Log'!$A$4:$A$500<>"")*(IFERROR(VLOOKUP('Workout Log'!K$4:K$500,'Exercise Library'!$B$4:$D$200,3,FALSE()),"")=A11))+SUMPRODUCT(('Workout Log'!$A$4:$A$500>=TODAY()-7)*('Workout Log'!$A$4:$A$500<>"")*(IFERROR(VLOOKUP('Workout Log'!L$4:L$500,'Exercise Library'!$B$4:$C$200,2,FALSE()),"")=A11))+SUMPRODUCT(('Workout Log'!$A$4:$A$500>=TODAY()-7)*('Workout Log'!$A$4:$A$500<>"")*(IFERROR(VLOOKUP('Workout Log'!L$4:L$500,'Exercise Library'!$B$4:$D$200,3,FALSE()),"")=A11))+SUMPRODUCT(('Workout Log'!$A$4:$A$500>=TODAY()-7)*('Workout Log'!$A$4:$A$500<>"")*(IFERROR(VLOOKUP('Workout Log'!M$4:M$500,'Exercise Library'!$B$4:$C$200,2,FALSE()),"")=A11))+SUMPRODUCT(('Workout Log'!$A$4:$A$500>=TODAY()-7)*('Workout Log'!$A$4:$A$500<>"")*(IFERROR(VLOOKUP('Workout Log'!M$4:M$500,'Exercise Library'!$B$4:$D$200,3,FALSE()),"")=A11)) -> 0 | C11: =SUMPRODUCT(('Workout Log'!$A$4:$A$500>=TODAY()-14)*('Workout Log'!$A$4:$A$500<>"")*(IFERROR(VLOOKUP('Workout Log'!F$4:F$500,'Exercise Library'!$B$4:$C$200,2,FALSE()),"")=A11))+SUMPRODUCT(('Workout Log'!$A$4:$A$500>=TODAY()-14)*('Workout Log'!$A$4:$A$500<>"")*(IFERROR(VLOOKUP('Workout Log'!F$4:F$500,'Exercise Library'!$B$4:$D$200,3,FALSE()),"")=A11))+SUMPRODUCT(('Workout Log'!$A$4:$A$500>=TODAY()-14)*('Workout Log'!$A$4:$A$500<>"")*(IFERROR(VLOOKUP('Workout Log'!G$4:G$500,'Exercise Library'!$B$4:$C$200,2,FALSE()),"")=A11))+SUMPRODUCT(('Workout Log'!$A$4:$A$500>=TODAY()-14)*('Workout Log'!$A$4:$A$500<>"")*(IFERROR(VLOOKUP('Workout Log'!G$4:G$500,'Exercise Library'!$B$4:$D$200,3,FALSE()),"")=A11))+SUMPRODUCT(('Workout Log'!$A$4:$A$500>=TODAY()-14)*('Workout Log'!$A$4:$A$500<>"")*(IFERROR(VLOOKUP('Workout Log'!H$4:H$500,'Exercise Library'!$B$4:$C$200,2,FALSE()),"")=A11))+SUMPRODUCT(('Workout Log'!$A$4:$A$500>=TODAY()-14)*('Workout Log'!$A$4:$A$500<>"")*(IFERROR(VLOOKUP('Workout Log'!H$4:H$500,'Exercise Library'!$B$4:$D$200,3,FALSE()),"")=A11))+SUMPRODUCT(('Workout Log'!$A$4:$A$500>=TODAY()-14)*('Workout Log'!$A$4:$A$500<>"")*(IFERROR(VLOOKUP('Workout Log'!I$4:I$500,'Exercise Library'!$B$4:$C$200,2,FALSE()),"")=A11))+SUMPRODUCT(('Workout Log'!$A$4:$A$500>=TODAY()-14)*('Workout Log'!$A$4:$A$500<>"")*(IFERROR(VLOOKUP('Workout Log'!I$4:I$500,'Exercise Library'!$B$4:$D$200,3,FALSE()),"")=A11))+SUMPRODUCT(('Workout Log'!$A$4:$A$500>=TODAY()-14)*('Workout Log'!$A$4:$A$500<>"")*(IFERROR(VLOOKUP('Workout Log'!J$4:J$500,'Exercise Library'!$B$4:$C$200,2,FALSE()),"")=A11))+SUMPRODUCT(('Workout Log'!$A$4:$A$500>=TODAY()-14)*('Workout Log'!$A$4:$A$500<>"")*(IFERROR(VLOOKUP('Workout Log'!J$4:J$500,'Exercise Library'!$B$4:$D$200,3,FALSE()),"")=A11))+SUMPRODUCT(('Workout Log'!$A$4:$A$500>=TODAY()-14)*('Workout Log'!$A$4:$A$500<>"")*(IFERROR(VLOOKUP('Workout Log'!K$4:K$500,'Exercise Library'!$B$4:$C$200,2,FALSE()),"")=A11))+SUMPRODUCT(('Workout Log'!$A$4:$A$500>=TODAY()-14)*('Workout Log'!$A$4:$A$500<>"")*(IFERROR(VLOOKUP('Workout Log'!K$4:K$500,'Exercise Library'!$B$4:$D$200,3,FALSE()),"")=A11))+SUMPRODUCT(('Workout Log'!$A$4:$A$500>=TODAY()-14)*('Workout Log'!$A$4:$A$500<>"")*(IFERROR(VLOOKUP('Workout Log'!L$4:L$500,'Exercise Library'!$B$4:$C$200,2,FALSE()),"")=A11))+SUMPRODUCT(('Workout Log'!$A$4:$A$500>=TODAY()-14)*('Workout Log'!$A$4:$A$500<>"")*(IFERROR(VLOOKUP('Workout Log'!L$4:L$500,'Exercise Library'!$B$4:$D$200,3,FALSE()),"")=A11))+SUMPRODUCT(('Workout Log'!$A$4:$A$500>=TODAY()-14)*('Workout Log'!$A$4:$A$500<>"")*(IFERROR(VLOOKUP('Workout Log'!M$4:M$500,'Exercise Library'!$B$4:$C$200,2,FALSE()),"")=A11))+SUMPRODUCT(('Workout Log'!$A$4:$A$500>=TODAY()-14)*('Workout Log'!$A$4:$A$500<>"")*(IFERROR(VLOOKUP('Workout Log'!M$4:M$500,'Exercise Library'!$B$4:$D$200,3,FALSE()),"")=A11)) -> 0 | D11: =SUMPRODUCT(('Workout Log'!$A$4:$A$500>=TODAY()-30)*('Workout Log'!$A$4:$A$500<>"")*(IFERROR(VLOOKUP('Workout Log'!F$4:F$500,'Exercise Library'!$B$4:$C$200,2,FALSE()),"")=A11))+SUMPRODUCT(('Workout Log'!$A$4:$A$500>=TODAY()-30)*('Workout Log'!$A$4:$A$500<>"")*(IFERROR(VLOOKUP('Workout Log'!F$4:F$500,'Exercise Library'!$B$4:$D$200,3,FALSE()),"")=A11))+SUMPRODUCT(('Workout Log'!$A$4:$A$500>=TODAY()-30)*('Workout Log'!$A$4:$A$500<>"")*(IFERROR(VLOOKUP('Workout Log'!G$4:G$500,'Exercise Library'!$B$4:$C$200,2,FALSE()),"")=A11))+SUMPRODUCT(('Workout Log'!$A$4:$A$500>=TODAY()-30)*('Workout Log'!$A$4:$A$500<>"")*(IFERROR(VLOOKUP('Workout Log'!G$4:G$500,'Exercise Library'!$B$4:$D$200,3,FALSE()),"")=A11))+SUMPRODUCT(('Workout Log'!$A$4:$A$500>=TODAY()-30)*('Workout Log'!$A$4:$A$500<>"")*(IFERROR(VLOOKUP('Workout Log'!H$4:H$500,'Exercise Library'!$B$4:$C$200,2,FALSE()),"")=A11))+SUMPRODUCT(('Workout Log'!$A$4:$A$500>=TODAY()-30)*('Workout Log'!$A$4:$A$500<>"")*(IFERROR(VLOOKUP('Workout Log'!H$4:H$500,'Exercise Library'!$B$4:$D$200,3,FALSE()),"")=A11))+SUMPRODUCT(('Workout Log'!$A$4:$A$500>=TODAY()-30)*('Workout Log'!$A$4:$A$500<>"")*(IFERROR(VLOOKUP('Workout Log'!I$4:I$500,'Exercise Library'!$B$4:$C$200,2,FALSE()),"")=A11))+SUMPRODUCT(('Workout Log'!$A$4:$A$500>=TODAY()-30)*('Workout Log'!$A$4:$A$500<>"")*(IFERROR(VLOOKUP('Workout Log'!I$4:I$500,'Exercise Library'!$B$4:$D$200,3,FALSE()),"")=A11))+SUMPRODUCT(('Workout Log'!$A$4:$A$500>=TODAY()-30)*('Workout Log'!$A$4:$A$500<>"")*(IFERROR(VLOOKUP('Workout Log'!J$4:J$500,'Exercise Library'!$B$4:$C$200,2,FALSE()),"")=A11))+SUMPRODUCT(('Workout Log'!$A$4:$A$500>=TODAY()-30)*('Workout Log'!$A$4:$A$500<>"")*(IFERROR(VLOOKUP('Workout Log'!J$4:J$500,'Exercise Library'!$B$4:$D$200,3,FALSE()),"")=A11))+SUMPRODUCT(('Workout Log'!$A$4:$A$500>=TODAY()-30)*('Workout Log'!$A$4:$A$500<>"")*(IFERROR(VLOOKUP('Workout Log'!K$4:K$500,'Exercise Library'!$B$4:$C$200,2,FALSE()),"")=A11))+SUMPRODUCT(('Workout Log'!$A$4:$A$500>=TODAY()-30)*('Workout Log'!$A$4:$A$500<>"")*(IFERROR(VLOOKUP('Workout Log'!K$4:K$500,'Exercise Library'!$B$4:$D$200,3,FALSE()),"")=A11))+SUMPRODUCT(('Workout Log'!$A$4:$A$500>=TODAY()-30)*('Workout Log'!$A$4:$A$500<>"")*(IFERROR(VLOOKUP('Workout Log'!L$4:L$500,'Exercise Library'!$B$4:$C$200,2,FALSE()),"")=A11))+SUMPRODUCT(('Workout Log'!$A$4:$A$500>=TODAY()-30)*('Workout Log'!$A$4:$A$500<>"")*(IFERROR(VLOOKUP('Workout Log'!L$4:L$500,'Exercise Library'!$B$4:$D$200,3,FALSE()),"")=A11))+SUMPRODUCT(('Workout Log'!$A$4:$A$500>=TODAY()-30)*('Workout Log'!$A$4:$A$500<>"")*(IFERROR(VLOOKUP('Workout Log'!M$4:M$500,'Exercise Library'!$B$4:$C$200,2,FALSE()),"")=A11))+SUMPRODUCT(('Workout Log'!$A$4:$A$500>=TODAY()-30)*('Workout Log'!$A$4:$A$500<>"")*(IFERROR(VLOOKUP('Workout Log'!M$4:M$500,'Exercise Library'!$B$4:$D$200,3,FALSE()),"")=A11)) -> 0 | E11: =SUMPRODUCT(('Workout Log'!$A$4:$A$500>0)*('Workout Log'!$A$4:$A$500<>"")*(IFERROR(VLOOKUP('Workout Log'!F$4:F$500,'Exercise Library'!$B$4:$C$200,2,FALSE()),"")=A11))+SUMPRODUCT(('Workout Log'!$A$4:$A$500>0)*('Workout Log'!$A$4:$A$500<>"")*(IFERROR(VLOOKUP('Workout Log'!F$4:F$500,'Exercise Library'!$B$4:$D$200,3,FALSE()),"")=A11))+SUMPRODUCT(('Workout Log'!$A$4:$A$500>0)*('Workout Log'!$A$4:$A$500<>"")*(IFERROR(VLOOKUP('Workout Log'!G$4:G$500,'Exercise Library'!$B$4:$C$200,2,FALSE()),"")=A11))+SUMPRODUCT(('Workout Log'!$A$4:$A$500>0)*('Workout Log'!$A$4:$A$500<>"")*(IFERROR(VLOOKUP('Workout Log'!G$4:G$500,'Exercise Library'!$B$4:$D$200,3,FALSE()),"")=A11))+SUMPRODUCT(('Workout Log'!$A$4:$A$500>0)*('Workout Log'!$A$4:$A$500<>"")*(IFERROR(VLOOKUP('Workout Log'!H$4:H$500,'Exercise Library'!$B$4:$C$200,2,FALSE()),"")=A11))+SUMPRODUCT(('Workout Log'!$A$4:$A$500>0)*('Workout Log'!$A$4:$A$500<>"")*(IFERROR(VLOOKUP('Workout Log'!H$4:H$500,'Exercise Library'!$B$4:$D$200,3,FALSE()),"")=A11))+SUMPRODUCT(('Workout Log'!$A$4:$A$500>0)*('Workout Log'!$A$4:$A$500<>"")*(IFERROR(VLOOKUP('Workout Log'!I$4:I$500,'Exercise Library'!$B$4:$C$200,2,FALSE()),"")=A11))+SUMPRODUCT(('Workout Log'!$A$4:$A$500>0)*('Workout Log'!$A$4:$A$500<>"")*(IFERROR(VLOOKUP('Workout Log'!I$4:I$500,'Exercise Library'!$B$4:$D$200,3,FALSE()),"")=A11))+SUMPRODUCT(('Workout Log'!$A$4:$A$500>0)*('Workout Log'!$A$4:$A$500<>"")*(IFERROR(VLOOKUP('Workout Log'!J$4:J$500,'Exercise Library'!$B$4:$C$200,2,FALSE()),"")=A11))+SUMPRODUCT(('Workout Log'!$A$4:$A$500>0)*('Workout Log'!$A$4:$A$500<>"")*(IFERROR(VLOOKUP('Workout Log'!J$4:J$500,'Exercise Library'!$B$4:$D$200,3,FALSE()),"")=A11))+SUMPRODUCT(('Workout Log'!$A$4:$A$500>0)*('Workout Log'!$A$4:$A$500<>"")*(IFERROR(VLOOKUP('Workout Log'!K$4:K$500,'Exercise Library'!$B$4:$C$200,2,FALSE()),"")=A11))+SUMPRODUCT(('Workout Log'!$A$4:$A$500>0)*('Workout Log'!$A$4:$A$500<>"")*(IFERROR(VLOOKUP('Workout Log'!K$4:K$500,'Exercise Library'!$B$4:$D$200,3,FALSE()),"")=A11))+SUMPRODUCT(('Workout Log'!$A$4:$A$500>0)*('Workout Log'!$A$4:$A$500<>"")*(IFERROR(VLOOKUP('Workout Log'!L$4:L$500,'Exercise Library'!$B$4:$C$200,2,FALSE()),"")=A11))+SUMPRODUCT(('Workout Log'!$A$4:$A$500>0)*('Workout Log'!$A$4:$A$500<>"")*(IFERROR(VLOOKUP('Workout Log'!L$4:L$500,'Exercise Library'!$B$4:$D$200,3,FALSE()),"")=A11))+SUMPRODUCT(('Workout Log'!$A$4:$A$500>0)*('Workout Log'!$A$4:$A$500<>"")*(IFERROR(VLOOKUP('Workout Log'!M$4:M$500,'Exercise Library'!$B$4:$C$200,2,FALSE()),"")=A11))+SUMPRODUCT(('Workout Log'!$A$4:$A$500>0)*('Workout Log'!$A$4:$A$500<>"")*(IFERROR(VLOOKUP('Workout Log'!M$4:M$500,'Exercise Library'!$B$4:$D$200,3,FALSE()),"")=A11)) -> 0 | F11: =IF(E11=0,"Never",IFERROR(TODAY()-MAX(B11*0+TODAY()-7),"N/A")) -> Never | G11: 2 | H11: =MAX(0, G11-B11) -> 2
A12: Pull (Vertical) | B12: =SUMPRODUCT(('Workout Log'!$A$4:$A$500>=TODAY()-7)*('Workout Log'!$A$4:$A$500<>"")*(IFERROR(VLOOKUP('Workout Log'!F$4:F$500,'Exercise Library'!$B$4:$C$200,2,FALSE()),"")=A12))+SUMPRODUCT(('Workout Log'!$A$4:$A$500>=TODAY()-7)*('Workout Log'!$A$4:$A$500<>"")*(IFERROR(VLOOKUP('Workout Log'!F$4:F$500,'Exercise Library'!$B$4:$D$200,3,FALSE()),"")=A12))+SUMPRODUCT(('Workout Log'!$A$4:$A$500>=TODAY()-7)*('Workout Log'!$A$4:$A$500<>"")*(IFERROR(VLOOKUP('Workout Log'!G$4:G$500,'Exercise Library'!$B$4:$C$200,2,FALSE()),"")=A12))+SUMPRODUCT(('Workout Log'!$A$4:$A$500>=TODAY()-7)*('Workout Log'!$A$4:$A$500<>"")*(IFERROR(VLOOKUP('Workout Log'!G$4:G$500,'Exercise Library'!$B$4:$D$200,3,FALSE()),"")=A12))+SUMPRODUCT(('Workout Log'!$A$4:$A$500>=TODAY()-7)*('Workout Log'!$A$4:$A$500<>"")*(IFERROR(VLOOKUP('Workout Log'!H$4:H$500,'Exercise Library'!$B$4:$C$200,2,FALSE()),"")=A12))+SUMPRODUCT(('Workout Log'!$A$4:$A$500>=TODAY()-7)*('Workout Log'!$A$4:$A$500<>"")*(IFERROR(VLOOKUP('Workout Log'!H$4:H$500,'Exercise Library'!$B$4:$D$200,3,FALSE()),"")=A12))+SUMPRODUCT(('Workout Log'!$A$4:$A$500>=TODAY()-7)*('Workout Log'!$A$4:$A$500<>"")*(IFERROR(VLOOKUP('Workout Log'!I$4:I$500,'Exercise Library'!$B$4:$C$200,2,FALSE()),"")=A12))+SUMPRODUCT(('Workout Log'!$A$4:$A$500>=TODAY()-7)*('Workout Log'!$A$4:$A$500<>"")*(IFERROR(VLOOKUP('Workout Log'!I$4:I$500,'Exercise Library'!$B$4:$D$200,3,FALSE()),"")=A12))+SUMPRODUCT(('Workout Log'!$A$4:$A$500>=TODAY()-7)*('Workout Log'!$A$4:$A$500<>"")*(IFERROR(VLOOKUP('Workout Log'!J$4:J$500,'Exercise Library'!$B$4:$C$200,2,FALSE()),"")=A12))+SUMPRODUCT(('Workout Log'!$A$4:$A$500>=TODAY()-7)*('Workout Log'!$A$4:$A$500<>"")*(IFERROR(VLOOKUP('Workout Log'!J$4:J$500,'Exercise Library'!$B$4:$D$200,3,FALSE()),"")=A12))+SUMPRODUCT(('Workout Log'!$A$4:$A$500>=TODAY()-7)*('Workout Log'!$A$4:$A$500<>"")*(IFERROR(VLOOKUP('Workout Log'!K$4:K$500,'Exercise Library'!$B$4:$C$200,2,FALSE()),"")=A12))+SUMPRODUCT(('Workout Log'!$A$4:$A$500>=TODAY()-7)*('Workout Log'!$A$4:$A$500<>"")*(IFERROR(VLOOKUP('Workout Log'!K$4:K$500,'Exercise Library'!$B$4:$D$200,3,FALSE()),"")=A12))+SUMPRODUCT(('Workout Log'!$A$4:$A$500>=TODAY()-7)*('Workout Log'!$A$4:$A$500<>"")*(IFERROR(VLOOKUP('Workout Log'!L$4:L$500,'Exercise Library'!$B$4:$C$200,2,FALSE()),"")=A12))+SUMPRODUCT(('Workout Log'!$A$4:$A$500>=TODAY()-7)*('Workout Log'!$A$4:$A$500<>"")*(IFERROR(VLOOKUP('Workout Log'!L$4:L$500,'Exercise Library'!$B$4:$D$200,3,FALSE()),"")=A12))+SUMPRODUCT(('Workout Log'!$A$4:$A$500>=TODAY()-7)*('Workout Log'!$A$4:$A$500<>"")*(IFERROR(VLOOKUP('Workout Log'!M$4:M$500,'Exercise Library'!$B$4:$C$200,2,FALSE()),"")=A12))+SUMPRODUCT(('Workout Log'!$A$4:$A$500>=TODAY()-7)*('Workout Log'!$A$4:$A$500<>"")*(IFERROR(VLOOKUP('Workout Log'!M$4:M$500,'Exercise Library'!$B$4:$D$200,3,FALSE()),"")=A12)) -> 0 | C12: =SUMPRODUCT(('Workout Log'!$A$4:$A$500>=TODAY()-14)*('Workout Log'!$A$4:$A$500<>"")*(IFERROR(VLOOKUP('Workout Log'!F$4:F$500,'Exercise Library'!$B$4:$C$200,2,FALSE()),"")=A12))+SUMPRODUCT(('Workout Log'!$A$4:$A$500>=TODAY()-14)*('Workout Log'!$A$4:$A$500<>"")*(IFERROR(VLOOKUP('Workout Log'!F$4:F$500,'Exercise Library'!$B$4:$D$200,3,FALSE()),"")=A12))+SUMPRODUCT(('Workout Log'!$A$4:$A$500>=TODAY()-14)*('Workout Log'!$A$4:$A$500<>"")*(IFERROR(VLOOKUP('Workout Log'!G$4:G$500,'Exercise Library'!$B$4:$C$200,2,FALSE()),"")=A12))+SUMPRODUCT(('Workout Log'!$A$4:$A$500>=TODAY()-14)*('Workout Log'!$A$4:$A$500<>"")*(IFERROR(VLOOKUP('Workout Log'!G$4:G$500,'Exercise Library'!$B$4:$D$200,3,FALSE()),"")=A12))+SUMPRODUCT(('Workout Log'!$A$4:$A$500>=TODAY()-14)*('Workout Log'!$A$4:$A$500<>"")*(IFERROR(VLOOKUP('Workout Log'!H$4:H$500,'Exercise Library'!$B$4:$C$200,2,FALSE()),"")=A12))+SUMPRODUCT(('Workout Log'!$A$4:$A$500>=TODAY()-14)*('Workout Log'!$A$4:$A$500<>"")*(IFERROR(VLOOKUP('Workout Log'!H$4:H$500,'Exercise Library'!$B$4:$D$200,3,FALSE()),"")=A12))+SUMPRODUCT(('Workout Log'!$A$4:$A$500>=TODAY()-14)*('Workout Log'!$A$4:$A$500<>"")*(IFERROR(VLOOKUP('Workout Log'!I$4:I$500,'Exercise Library'!$B$4:$C$200,2,FALSE()),"")=A12))+SUMPRODUCT(('Workout Log'!$A$4:$A$500>=TODAY()-14)*('Workout Log'!$A$4:$A$500<>"")*(IFERROR(VLOOKUP('Workout Log'!I$4:I$500,'Exercise Library'!$B$4:$D$200,3,FALSE()),"")=A12))+SUMPRODUCT(('Workout Log'!$A$4:$A$500>=TODAY()-14)*('Workout Log'!$A$4:$A$500<>"")*(IFERROR(VLOOKUP('Workout Log'!J$4:J$500,'Exercise Library'!$B$4:$C$200,2,FALSE()),"")=A12))+SUMPRODUCT(('Workout Log'!$A$4:$A$500>=TODAY()-14)*('Workout Log'!$A$4:$A$500<>"")*(IFERROR(VLOOKUP('Workout Log'!J$4:J$500,'Exercise Library'!$B$4:$D$200,3,FALSE()),"")=A12))+SUMPRODUCT(('Workout Log'!$A$4:$A$500>=TODAY()-14)*('Workout Log'!$A$4:$A$500<>"")*(IFERROR(VLOOKUP('Workout Log'!K$4:K$500,'Exercise Library'!$B$4:$C$200,2,FALSE()),"")=A12))+SUMPRODUCT(('Workout Log'!$A$4:$A$500>=TODAY()-14)*('Workout Log'!$A$4:$A$500<>"")*(IFERROR(VLOOKUP('Workout Log'!K$4:K$500,'Exercise Library'!$B$4:$D$200,3,FALSE()),"")=A12))+SUMPRODUCT(('Workout Log'!$A$4:$A$500>=TODAY()-14)*('Workout Log'!$A$4:$A$500<>"")*(IFERROR(VLOOKUP('Workout Log'!L$4:L$500,'Exercise Library'!$B$4:$C$200,2,FALSE()),"")=A12))+SUMPRODUCT(('Workout Log'!$A$4:$A$500>=TODAY()-14)*('Workout Log'!$A$4:$A$500<>"")*(IFERROR(VLOOKUP('Workout Log'!L$4:L$500,'Exercise Library'!$B$4:$D$200,3,FALSE()),"")=A12))+SUMPRODUCT(('Workout Log'!$A$4:$A$500>=TODAY()-14)*('Workout Log'!$A$4:$A$500<>"")*(IFERROR(VLOOKUP('Workout Log'!M$4:M$500,'Exercise Library'!$B$4:$C$200,2,FALSE()),"")=A12))+SUMPRODUCT(('Workout Log'!$A$4:$A$500>=TODAY()-14)*('Workout Log'!$A$4:$A$500<>"")*(IFERROR(VLOOKUP('Workout Log'!M$4:M$500,'Exercise Library'!$B$4:$D$200,3,FALSE()),"")=A12)) -> 0 | D12: =SUMPRODUCT(('Workout Log'!$A$4:$A$500>=TODAY()-30)*('Workout Log'!$A$4:$A$500<>"")*(IFERROR(VLOOKUP('Workout Log'!F$4:F$500,'Exercise Library'!$B$4:$C$200,2,FALSE()),"")=A12))+SUMPRODUCT(('Workout Log'!$A$4:$A$500>=TODAY()-30)*('Workout Log'!$A$4:$A$500<>"")*(IFERROR(VLOOKUP('Workout Log'!F$4:F$500,'Exercise Library'!$B$4:$D$200,3,FALSE()),"")=A12))+SUMPRODUCT(('Workout Log'!$A$4:$A$500>=TODAY()-30)*('Workout Log'!$A$4:$A$500<>"")*(IFERROR(VLOOKUP('Workout Log'!G$4:G$500,'Exercise Library'!$B$4:$C$200,2,FALSE()),"")=A12))+SUMPRODUCT(('Workout Log'!$A$4:$A$500>=TODAY()-30)*('Workout Log'!$A$4:$A$500<>"")*(IFERROR(VLOOKUP('Workout Log'!G$4:G$500,'Exercise Library'!$B$4:$D$200,3,FALSE()),"")=A12))+SUMPRODUCT(('Workout Log'!$A$4:$A$500>=TODAY()-30)*('Workout Log'!$A$4:$A$500<>"")*(IFERROR(VLOOKUP('Workout Log'!H$4:H$500,'Exercise Library'!$B$4:$C$200,2,FALSE()),"")=A12))+SUMPRODUCT(('Workout Log'!$A$4:$A$500>=TODAY()-30)*('Workout Log'!$A$4:$A$500<>"")*(IFERROR(VLOOKUP('Workout Log'!H$4:H$500,'Exercise Library'!$B$4:$D$200,3,FALSE()),"")=A12))+SUMPRODUCT(('Workout Log'!$A$4:$A$500>=TODAY()-30)*('Workout Log'!$A$4:$A$500<>"")*(IFERROR(VLOOKUP('Workout Log'!I$4:I$500,'Exercise Library'!$B$4:$C$200,2,FALSE()),"")=A12))+SUMPRODUCT(('Workout Log'!$A$4:$A$500>=TODAY()-30)*('Workout Log'!$A$4:$A$500<>"")*(IFERROR(VLOOKUP('Workout Log'!I$4:I$500,'Exercise Library'!$B$4:$D$200,3,FALSE()),"")=A12))+SUMPRODUCT(('Workout Log'!$A$4:$A$500>=TODAY()-30)*('Workout Log'!$A$4:$A$500<>"")*(IFERROR(VLOOKUP('Workout Log'!J$4:J$500,'Exercise Library'!$B$4:$C$200,2,FALSE()),"")=A12))+SUMPRODUCT(('Workout Log'!$A$4:$A$500>=TODAY()-30)*('Workout Log'!$A$4:$A$500<>"")*(IFERROR(VLOOKUP('Workout Log'!J$4:J$500,'Exercise Library'!$B$4:$D$200,3,FALSE()),"")=A12))+SUMPRODUCT(('Workout Log'!$A$4:$A$500>=TODAY()-30)*('Workout Log'!$A$4:$A$500<>"")*(IFERROR(VLOOKUP('Workout Log'!K$4:K$500,'Exercise Library'!$B$4:$C$200,2,FALSE()),"")=A12))+SUMPRODUCT(('Workout Log'!$A$4:$A$500>=TODAY()-30)*('Workout Log'!$A$4:$A$500<>"")*(IFERROR(VLOOKUP('Workout Log'!K$4:K$500,'Exercise Library'!$B$4:$D$200,3,FALSE()),"")=A12))+SUMPRODUCT(('Workout Log'!$A$4:$A$500>=TODAY()-30)*('Workout Log'!$A$4:$A$500<>"")*(IFERROR(VLOOKUP('Workout Log'!L$4:L$500,'Exercise Library'!$B$4:$C$200,2,FALSE()),"")=A12))+SUMPRODUCT(('Workout Log'!$A$4:$A$500>=TODAY()-30)*('Workout Log'!$A$4:$A$500<>"")*(IFERROR(VLOOKUP('Workout Log'!L$4:L$500,'Exercise Library'!$B$4:$D$200,3,FALSE()),"")=A12))+SUMPRODUCT(('Workout Log'!$A$4:$A$500>=TODAY()-30)*('Workout Log'!$A$4:$A$500<>"")*(IFERROR(VLOOKUP('Workout Log'!M$4:M$500,'Exercise Library'!$B$4:$C$200,2,FALSE()),"")=A12))+SUMPRODUCT(('Workout Log'!$A$4:$A$500>=TODAY()-30)*('Workout Log'!$A$4:$A$500<>"")*(IFERROR(VLOOKUP('Workout Log'!M$4:M$500,'Exercise Library'!$B$4:$D$200,3,FALSE()),"")=A12)) -> 0 | E12: =SUMPRODUCT(('Workout Log'!$A$4:$A$500>0)*('Workout Log'!$A$4:$A$500<>"")*(IFERROR(VLOOKUP('Workout Log'!F$4:F$500,'Exercise Library'!$B$4:$C$200,2,FALSE()),"")=A12))+SUMPRODUCT(('Workout Log'!$A$4:$A$500>0)*('Workout Log'!$A$4:$A$500<>"")*(IFERROR(VLOOKUP('Workout Log'!F$4:F$500,'Exercise Library'!$B$4:$D$200,3,FALSE()),"")=A12))+SUMPRODUCT(('Workout Log'!$A$4:$A$500>0)*('Workout Log'!$A$4:$A$500<>"")*(IFERROR(VLOOKUP('Workout Log'!G$4:G$500,'Exercise Library'!$B$4:$C$200,2,FALSE()),"")=A12))+SUMPRODUCT(('Workout Log'!$A$4:$A$500>0)*('Workout Log'!$A$4:$A$500<>"")*(IFERROR(VLOOKUP('Workout Log'!G$4:G$500,'Exercise Library'!$B$4:$D$200,3,FALSE()),"")=A12))+SUMPRODUCT(('Workout Log'!$A$4:$A$500>0)*('Workout Log'!$A$4:$A$500<>"")*(IFERROR(VLOOKUP('Workout Log'!H$4:H$500,'Exercise Library'!$B$4:$C$200,2,FALSE()),"")=A12))+SUMPRODUCT(('Workout Log'!$A$4:$A$500>0)*('Workout Log'!$A$4:$A$500<>"")*(IFERROR(VLOOKUP('Workout Log'!H$4:H$500,'Exercise Library'!$B$4:$D$200,3,FALSE()),"")=A12))+SUMPRODUCT(('Workout Log'!$A$4:$A$500>0)*('Workout Log'!$A$4:$A$500<>"")*(IFERROR(VLOOKUP('Workout Log'!I$4:I$500,'Exercise Library'!$B$4:$C$200,2,FALSE()),"")=A12))+SUMPRODUCT(('Workout Log'!$A$4:$A$500>0)*('Workout Log'!$A$4:$A$500<>"")*(IFERROR(VLOOKUP('Workout Log'!I$4:I$500,'Exercise Library'!$B$4:$D$200,3,FALSE()),"")=A12))+SUMPRODUCT(('Workout Log'!$A$4:$A$500>0)*('Workout Log'!$A$4:$A$500<>"")*(IFERROR(VLOOKUP('Workout Log'!J$4:J$500,'Exercise Library'!$B$4:$C$200,2,FALSE()),"")=A12))+SUMPRODUCT(('Workout Log'!$A$4:$A$500>0)*('Workout Log'!$A$4:$A$500<>"")*(IFERROR(VLOOKUP('Workout Log'!J$4:J$500,'Exercise Library'!$B$4:$D$200,3,FALSE()),"")=A12))+SUMPRODUCT(('Workout Log'!$A$4:$A$500>0)*('Workout Log'!$A$4:$A$500<>"")*(IFERROR(VLOOKUP('Workout Log'!K$4:K$500,'Exercise Library'!$B$4:$C$200,2,FALSE()),"")=A12))+SUMPRODUCT(('Workout Log'!$A$4:$A$500>0)*('Workout Log'!$A$4:$A$500<>"")*(IFERROR(VLOOKUP('Workout Log'!K$4:K$500,'Exercise Library'!$B$4:$D$200,3,FALSE()),"")=A12))+SUMPRODUCT(('Workout Log'!$A$4:$A$500>0)*('Workout Log'!$A$4:$A$500<>"")*(IFERROR(VLOOKUP('Workout Log'!L$4:L$500,'Exercise Library'!$B$4:$C$200,2,FALSE()),"")=A12))+SUMPRODUCT(('Workout Log'!$A$4:$A$500>0)*('Workout Log'!$A$4:$A$500<>"")*(IFERROR(VLOOKUP('Workout Log'!L$4:L$500,'Exercise Library'!$B$4:$D$200,3,FALSE()),"")=A12))+SUMPRODUCT(('Workout Log'!$A$4:$A$500>0)*('Workout Log'!$A$4:$A$500<>"")*(IFERROR(VLOOKUP('Workout Log'!M$4:M$500,'Exercise Library'!$B$4:$C$200,2,FALSE()),"")=A12))+SUMPRODUCT(('Workout Log'!$A$4:$A$500>0)*('Workout Log'!$A$4:$A$500<>"")*(IFERROR(VLOOKUP('Workout Log'!M$4:M$500,'Exercise Library'!$B$4:$D$200,3,FALSE()),"")=A12)) -> 0 | F12: =IF(E12=0,"Never",IFERROR(TODAY()-MAX(B12*0+TODAY()-7),"N/A")) -> Never | G12: 2 | H12: =MAX(0, G12-B12) -> 2
A13: Olympic - Snatch | B13: =SUMPRODUCT(('Workout Log'!$A$4:$A$500>=TODAY()-7)*('Workout Log'!$A$4:$A$500<>"")*(IFERROR(VLOOKUP('Workout Log'!F$4:F$500,'Exercise Library'!$B$4:$C$200,2,FALSE()),"")=A13))+SUMPRODUCT(('Workout Log'!$A$4:$A$500>=TODAY()-7)*('Workout Log'!$A$4:$A$500<>"")*(IFERROR(VLOOKUP('Workout Log'!F$4:F$500,'Exercise Library'!$B$4:$D$200,3,FALSE()),"")=A13))+SUMPRODUCT(('Workout Log'!$A$4:$A$500>=TODAY()-7)*('Workout Log'!$A$4:$A$500<>"")*(IFERROR(VLOOKUP('Workout Log'!G$4:G$500,'Exercise Library'!$B$4:$C$200,2,FALSE()),"")=A13))+SUMPRODUCT(('Workout Log'!$A$4:$A$500>=TODAY()-7)*('Workout Log'!$A$4:$A$500<>"")*(IFERROR(VLOOKUP('Workout Log'!G$4:G$500,'Exercise Library'!$B$4:$D$200,3,FALSE()),"")=A13))+SUMPRODUCT(('Workout Log'!$A$4:$A$500>=TODAY()-7)*('Workout Log'!$A$4:$A$500<>"")*(IFERROR(VLOOKUP('Workout Log'!H$4:H$500,'Exercise Library'!$B$4:$C$200,2,FALSE()),"")=A13))+SUMPRODUCT(('Workout Log'!$A$4:$A$500>=TODAY()-7)*('Workout Log'!$A$4:$A$500<>"")*(IFERROR(VLOOKUP('Workout Log'!H$4:H$500,'Exercise Library'!$B$4:$D$200,3,FALSE()),"")=A13))+SUMPRODUCT(('Workout Log'!$A$4:$A$500>=TODAY()-7)*('Workout Log'!$A$4:$A$500<>"")*(IFERROR(VLOOKUP('Workout Log'!I$4:I$500,'Exercise Library'!$B$4:$C$200,2,FALSE()),"")=A13))+SUMPRODUCT(('Workout Log'!$A$4:$A$500>=TODAY()-7)*('Workout Log'!$A$4:$A$500<>"")*(IFERROR(VLOOKUP('Workout Log'!I$4:I$500,'Exercise Library'!$B$4:$D$200,3,FALSE()),"")=A13))+SUMPRODUCT(('Workout Log'!$A$4:$A$500>=TODAY()-7)*('Workout Log'!$A$4:$A$500<>"")*(IFERROR(VLOOKUP('Workout Log'!J$4:J$500,'Exercise Library'!$B$4:$C$200,2,FALSE()),"")=A13))+SUMPRODUCT(('Workout Log'!$A$4:$A$500>=TODAY()-7)*('Workout Log'!$A$4:$A$500<>"")*(IFERROR(VLOOKUP('Workout Log'!J$4:J$500,'Exercise Library'!$B$4:$D$200,3,FALSE()),"")=A13))+SUMPRODUCT(('Workout Log'!$A$4:$A$500>=TODAY()-7)*('Workout Log'!$A$4:$A$500<>"")*(IFERROR(VLOOKUP('Workout Log'!K$4:K$500,'Exercise Library'!$B$4:$C$200,2,FALSE()),"")=A13))+SUMPRODUCT(('Workout Log'!$A$4:$A$500>=TODAY()-7)*('Workout Log'!$A$4:$A$500<>"")*(IFERROR(VLOOKUP('Workout Log'!K$4:K$500,'Exercise Library'!$B$4:$D$200,3,FALSE()),"")=A13))+SUMPRODUCT(('Workout Log'!$A$4:$A$500>=TODAY()-7)*('Workout Log'!$A$4:$A$500<>"")*(IFERROR(VLOOKUP('Workout Log'!L$4:L$500,'Exercise Library'!$B$4:$C$200,2,FALSE()),"")=A13))+SUMPRODUCT(('Workout Log'!$A$4:$A$500>=TODAY()-7)*('Workout Log'!$A$4:$A$500<>"")*(IFERROR(VLOOKUP('Workout Log'!L$4:L$500,'Exercise Library'!$B$4:$D$200,3,FALSE()),"")=A13))+SUMPRODUCT(('Workout Log'!$A$4:$A$500>=TODAY()-7)*('Workout Log'!$A$4:$A$500<>"")*(IFERROR(VLOOKUP('Workout Log'!M$4:M$500,'Exercise Library'!$B$4:$C$200,2,FALSE()),"")=A13))+SUMPRODUCT(('Workout Log'!$A$4:$A$500>=TODAY()-7)*('Workout Log'!$A$4:$A$500<>"")*(IFERROR(VLOOKUP('Workout Log'!M$4:M$500,'Exercise Library'!$B$4:$D$200,3,FALSE()),"")=A13)) -> 0 | C13: =SUMPRODUCT(('Workout Log'!$A$4:$A$500>=TODAY()-14)*('Workout Log'!$A$4:$A$500<>"")*(IFERROR(VLOOKUP('Workout Log'!F$4:F$500,'Exercise Library'!$B$4:$C$200,2,FALSE()),"")=A13))+SUMPRODUCT(('Workout Log'!$A$4:$A$500>=TODAY()-14)*('Workout Log'!$A$4:$A$500<>"")*(IFERROR(VLOOKUP('Workout Log'!F$4:F$500,'Exercise Library'!$B$4:$D$200,3,FALSE()),"")=A13))+SUMPRODUCT(('Workout Log'!$A$4:$A$500>=TODAY()-14)*('Workout Log'!$A$4:$A$500<>"")*(IFERROR(VLOOKUP('Workout Log'!G$4:G$500,'Exercise Library'!$B$4:$C$200,2,FALSE()),"")=A13))+SUMPRODUCT(('Workout Log'!$A$4:$A$500>=TODAY()-14)*('Workout Log'!$A$4:$A$500<>"")*(IFERROR(VLOOKUP('Workout Log'!G$4:G$500,'Exercise Library'!$B$4:$D$200,3,FALSE()),"")=A13))+SUMPRODUCT(('Workout Log'!$A$4:$A$500>=TODAY()-14)*('Workout Log'!$A$4:$A$500<>"")*(IFERROR(VLOOKUP('Workout Log'!H$4:H$500,'Exercise Library'!$B$4:$C$200,2,FALSE()),"")=A13))+SUMPRODUCT(('Workout Log'!$A$4:$A$500>=TODAY()-14)*('Workout Log'!$A$4:$A$500<>"")*(IFERROR(VLOOKUP('Workout Log'!H$4:H$500,'Exercise Library'!$B$4:$D$200,3,FALSE()),"")=A13))+SUMPRODUCT(('Workout Log'!$A$4:$A$500>=TODAY()-14)*('Workout Log'!$A$4:$A$500<>"")*(IFERROR(VLOOKUP('Workout Log'!I$4:I$500,'Exercise Library'!$B$4:$C$200,2,FALSE()),"")=A13))+SUMPRODUCT(('Workout Log'!$A$4:$A$500>=TODAY()-14)*('Workout Log'!$A$4:$A$500<>"")*(IFERROR(VLOOKUP('Workout Log'!I$4:I$500,'Exercise Library'!$B$4:$D$200,3,FALSE()),"")=A13))+SUMPRODUCT(('Workout Log'!$A$4:$A$500>=TODAY()-14)*('Workout Log'!$A$4:$A$500<>"")*(IFERROR(VLOOKUP('Workout Log'!J$4:J$500,'Exercise Library'!$B$4:$C$200,2,FALSE()),"")=A13))+SUMPRODUCT(('Workout Log'!$A$4:$A$500>=TODAY()-14)*('Workout Log'!$A$4:$A$500<>"")*(IFERROR(VLOOKUP('Workout Log'!J$4:J$500,'Exercise Library'!$B$4:$D$200,3,FALSE()),"")=A13))+SUMPRODUCT(('Workout Log'!$A$4:$A$500>=TODAY()-14)*('Workout Log'!$A$4:$A$500<>"")*(IFERROR(VLOOKUP('Workout Log'!K$4:K$500,'Exercise Library'!$B$4:$C$200,2,FALSE()),"")=A13))+SUMPRODUCT(('Workout Log'!$A$4:$A$500>=TODAY()-14)*('Workout Log'!$A$4:$A$500<>"")*(IFERROR(VLOOKUP('Workout Log'!K$4:K$500,'Exercise Library'!$B$4:$D$200,3,FALSE()),"")=A13))+SUMPRODUCT(('Workout Log'!$A$4:$A$500>=TODAY()-14)*('Workout Log'!$A$4:$A$500<>"")*(IFERROR(VLOOKUP('Workout Log'!L$4:L$500,'Exercise Library'!$B$4:$C$200,2,FALSE()),"")=A13))+SUMPRODUCT(('Workout Log'!$A$4:$A$500>=TODAY()-14)*('Workout Log'!$A$4:$A$500<>"")*(IFERROR(VLOOKUP('Workout Log'!L$4:L$500,'Exercise Library'!$B$4:$D$200,3,FALSE()),"")=A13))+SUMPRODUCT(('Workout Log'!$A$4:$A$500>=TODAY()-14)*('Workout Log'!$A$4:$A$500<>"")*(IFERROR(VLOOKUP('Workout Log'!M$4:M$500,'Exercise Library'!$B$4:$C$200,2,FALSE()),"")=A13))+SUMPRODUCT(('Workout Log'!$A$4:$A$500>=TODAY()-14)*('Workout Log'!$A$4:$A$500<>"")*(IFERROR(VLOOKUP('Workout Log'!M$4:M$500,'Exercise Library'!$B$4:$D$200,3,FALSE()),"")=A13)) -> 0 | D13: =SUMPRODUCT(('Workout Log'!$A$4:$A$500>=TODAY()-30)*('Workout Log'!$A$4:$A$500<>"")*(IFERROR(VLOOKUP('Workout Log'!F$4:F$500,'Exercise Library'!$B$4:$C$200,2,FALSE()),"")=A13))+SUMPRODUCT(('Workout Log'!$A$4:$A$500>=TODAY()-30)*('Workout Log'!$A$4:$A$500<>"")*(IFERROR(VLOOKUP('Workout Log'!F$4:F$500,'Exercise Library'!$B$4:$D$200,3,FALSE()),"")=A13))+SUMPRODUCT(('Workout Log'!$A$4:$A$500>=TODAY()-30)*('Workout Log'!$A$4:$A$500<>"")*(IFERROR(VLOOKUP('Workout Log'!G$4:G$500,'Exercise Library'!$B$4:$C$200,2,FALSE()),"")=A13))+SUMPRODUCT(('Workout Log'!$A$4:$A$500>=TODAY()-30)*('Workout Log'!$A$4:$A$500<>"")*(IFERROR(VLOOKUP('Workout Log'!G$4:G$500,'Exercise Library'!$B$4:$D$200,3,FALSE()),"")=A13))+SUMPRODUCT(('Workout Log'!$A$4:$A$500>=TODAY()-30)*('Workout Log'!$A$4:$A$500<>"")*(IFERROR(VLOOKUP('Workout Log'!H$4:H$500,'Exercise Library'!$B$4:$C$200,2,FALSE()),"")=A13))+SUMPRODUCT(('Workout Log'!$A$4:$A$500>=TODAY()-30)*('Workout Log'!$A$4:$A$500<>"")*(IFERROR(VLOOKUP('Workout Log'!H$4:H$500,'Exercise Library'!$B$4:$D$200,3,FALSE()),"")=A13))+SUMPRODUCT(('Workout Log'!$A$4:$A$500>=TODAY()-30)*('Workout Log'!$A$4:$A$500<>"")*(IFERROR(VLOOKUP('Workout Log'!I$4:I$500,'Exercise Library'!$B$4:$C$200,2,FALSE()),"")=A13))+SUMPRODUCT(('Workout Log'!$A$4:$A$500>=TODAY()-30)*('Workout Log'!$A$4:$A$500<>"")*(IFERROR(VLOOKUP('Workout Log'!I$4:I$500,'Exercise Library'!$B$4:$D$200,3,FALSE()),"")=A13))+SUMPRODUCT(('Workout Log'!$A$4:$A$500>=TODAY()-30)*('Workout Log'!$A$4:$A$500<>"")*(IFERROR(VLOOKUP('Workout Log'!J$4:J$500,'Exercise Library'!$B$4:$C$200,2,FALSE()),"")=A13))+SUMPRODUCT(('Workout Log'!$A$4:$A$500>=TODAY()-30)*('Workout Log'!$A$4:$A$500<>"")*(IFERROR(VLOOKUP('Workout Log'!J$4:J$500,'Exercise Library'!$B$4:$D$200,3,FALSE()),"")=A13))+SUMPRODUCT(('Workout Log'!$A$4:$A$500>=TODAY()-30)*('Workout Log'!$A$4:$A$500<>"")*(IFERROR(VLOOKUP('Workout Log'!K$4:K$500,'Exercise Library'!$B$4:$C$200,2,FALSE()),"")=A13))+SUMPRODUCT(('Workout Log'!$A$4:$A$500>=TODAY()-30)*('Workout Log'!$A$4:$A$500<>"")*(IFERROR(VLOOKUP('Workout Log'!K$4:K$500,'Exercise Library'!$B$4:$D$200,3,FALSE()),"")=A13))+SUMPRODUCT(('Workout Log'!$A$4:$A$500>=TODAY()-30)*('Workout Log'!$A$4:$A$500<>"")*(IFERROR(VLOOKUP('Workout Log'!L$4:L$500,'Exercise Library'!$B$4:$C$200,2,FALSE()),"")=A13))+SUMPRODUCT(('Workout Log'!$A$4:$A$500>=TODAY()-30)*('Workout Log'!$A$4:$A$500<>"")*(IFERROR(VLOOKUP('Workout Log'!L$4:L$500,'Exercise Library'!$B$4:$D$200,3,FALSE()),"")=A13))+SUMPRODUCT(('Workout Log'!$A$4:$A$500>=TODAY()-30)*('Workout Log'!$A$4:$A$500<>"")*(IFERROR(VLOOKUP('Workout Log'!M$4:M$500,'Exercise Library'!$B$4:$C$200,2,FALSE()),"")=A13))+SUMPRODUCT(('Workout Log'!$A$4:$A$500>=TODAY()-30)*('Workout Log'!$A$4:$A$500<>"")*(IFERROR(VLOOKUP('Workout Log'!M$4:M$500,'Exercise Library'!$B$4:$D$200,3,FALSE()),"")=A13)) -> 0 | E13: =SUMPRODUCT(('Workout Log'!$A$4:$A$500>0)*('Workout Log'!$A$4:$A$500<>"")*(IFERROR(VLOOKUP('Workout Log'!F$4:F$500,'Exercise Library'!$B$4:$C$200,2,FALSE()),"")=A13))+SUMPRODUCT(('Workout Log'!$A$4:$A$500>0)*('Workout Log'!$A$4:$A$500<>"")*(IFERROR(VLOOKUP('Workout Log'!F$4:F$500,'Exercise Library'!$B$4:$D$200,3,FALSE()),"")=A13))+SUMPRODUCT(('Workout Log'!$A$4:$A$500>0)*('Workout Log'!$A$4:$A$500<>"")*(IFERROR(VLOOKUP('Workout Log'!G$4:G$500,'Exercise Library'!$B$4:$C$200,2,FALSE()),"")=A13))+SUMPRODUCT(('Workout Log'!$A$4:$A$500>0)*('Workout Log'!$A$4:$A$500<>"")*(IFERROR(VLOOKUP('Workout Log'!G$4:G$500,'Exercise Library'!$B$4:$D$200,3,FALSE()),"")=A13))+SUMPRODUCT(('Workout Log'!$A$4:$A$500>0)*('Workout Log'!$A$4:$A$500<>"")*(IFERROR(VLOOKUP('Workout Log'!H$4:H$500,'Exercise Library'!$B$4:$C$200,2,FALSE()),"")=A13))+SUMPRODUCT(('Workout Log'!$A$4:$A$500>0)*('Workout Log'!$A$4:$A$500<>"")*(IFERROR(VLOOKUP('Workout Log'!H$4:H$500,'Exercise Library'!$B$4:$D$200,3,FALSE()),"")=A13))+SUMPRODUCT(('Workout Log'!$A$4:$A$500>0)*('Workout Log'!$A$4:$A$500<>"")*(IFERROR(VLOOKUP('Workout Log'!I$4:I$500,'Exercise Library'!$B$4:$C$200,2,FALSE()),"")=A13))+SUMPRODUCT(('Workout Log'!$A$4:$A$500>0)*('Workout Log'!$A$4:$A$500<>"")*(IFERROR(VLOOKUP('Workout Log'!I$4:I$500,'Exercise Library'!$B$4:$D$200,3,FALSE()),"")=A13))+SUMPRODUCT(('Workout Log'!$A$4:$A$500>0)*('Workout Log'!$A$4:$A$500<>"")*(IFERROR(VLOOKUP('Workout Log'!J$4:J$500,'Exercise Library'!$B$4:$C$200,2,FALSE()),"")=A13))+SUMPRODUCT(('Workout Log'!$A$4:$A$500>0)*('Workout Log'!$A$4:$A$500<>"")*(IFERROR(VLOOKUP('Workout Log'!J$4:J$500,'Exercise Library'!$B$4:$D$200,3,FALSE()),"")=A13))+SUMPRODUCT(('Workout Log'!$A$4:$A$500>0)*('Workout Log'!$A$4:$A$500<>"")*(IFERROR(VLOOKUP('Workout Log'!K$4:K$500,'Exercise Library'!$B$4:$C$200,2,FALSE()),"")=A13))+SUMPRODUCT(('Workout Log'!$A$4:$A$500>0)*('Workout Log'!$A$4:$A$500<>"")*(IFERROR(VLOOKUP('Workout Log'!K$4:K$500,'Exercise Library'!$B$4:$D$200,3,FALSE()),"")=A13))+SUMPRODUCT(('Workout Log'!$A$4:$A$500>0)*('Workout Log'!$A$4:$A$500<>"")*(IFERROR(VLOOKUP('Workout Log'!L$4:L$500,'Exercise Library'!$B$4:$C$200,2,FALSE()),"")=A13))+SUMPRODUCT(('Workout Log'!$A$4:$A$500>0)*('Workout Log'!$A$4:$A$500<>"")*(IFERROR(VLOOKUP('Workout Log'!L$4:L$500,'Exercise Library'!$B$4:$D$200,3,FALSE()),"")=A13))+SUMPRODUCT(('Workout Log'!$A$4:$A$500>0)*('Workout Log'!$A$4:$A$500<>"")*(IFERROR(VLOOKUP('Workout Log'!M$4:M$500,'Exercise Library'!$B$4:$C$200,2,FALSE()),"")=A13))+SUMPRODUCT(('Workout Log'!$A$4:$A$500>0)*('Workout Log'!$A$4:$A$500<>"")*(IFERROR(VLOOKUP('Workout Log'!M$4:M$500,'Exercise Library'!$B$4:$D$200,3,FALSE()),"")=A13)) -> 0 | F13: =IF(E13=0,"Never",IFERROR(TODAY()-MAX(B13*0+TODAY()-7),"N/A")) -> Never | G13: 2 | H13: =MAX(0, G13-B13) -> 2
A14: Olympic - Clean | B14: =SUMPRODUCT(('Workout Log'!$A$4:$A$500>=TODAY()-7)*('Workout Log'!$A$4:$A$500<>"")*(IFERROR(VLOOKUP('Workout Log'!F$4:F$500,'Exercise Library'!$B$4:$C$200,2,FALSE()),"")=A14))+SUMPRODUCT(('Workout Log'!$A$4:$A$500>=TODAY()-7)*('Workout Log'!$A$4:$A$500<>"")*(IFERROR(VLOOKUP('Workout Log'!F$4:F$500,'Exercise Library'!$B$4:$D$200,3,FALSE()),"")=A14))+SUMPRODUCT(('Workout Log'!$A$4:$A$500>=TODAY()-7)*('Workout Log'!$A$4:$A$500<>"")*(IFERROR(VLOOKUP('Workout Log'!G$4:G$500,'Exercise Library'!$B$4:$C$200,2,FALSE()),"")=A14))+SUMPRODUCT(('Workout Log'!$A$4:$A$500>=TODAY()-7)*('Workout Log'!$A$4:$A$500<>"")*(IFERROR(VLOOKUP('Workout Log'!G$4:G$500,'Exercise Library'!$B$4:$D$200,3,FALSE()),"")=A14))+SUMPRODUCT(('Workout Log'!$A$4:$A$500>=TODAY()-7)*('Workout Log'!$A$4:$A$500<>"")*(IFERROR(VLOOKUP('Workout Log'!H$4:H$500,'Exercise Library'!$B$4:$C$200,2,FALSE()),"")=A14))+SUMPRODUCT(('Workout Log'!$A$4:$A$500>=TODAY()-7)*('Workout Log'!$A$4:$A$500<>"")*(IFERROR(VLOOKUP('Workout Log'!H$4:H$500,'Exercise Library'!$B$4:$D$200,3,FALSE()),"")=A14))+SUMPRODUCT(('Workout Log'!$A$4:$A$500>=TODAY()-7)*('Workout Log'!$A$4:$A$500<>"")*(IFERROR(VLOOKUP('Workout Log'!I$4:I$500,'Exercise Library'!$B$4:$C$200,2,FALSE()),"")=A14))+SUMPRODUCT(('Workout Log'!$A$4:$A$500>=TODAY()-7)*('Workout Log'!$A$4:$A$500<>"")*(IFERROR(VLOOKUP('Workout Log'!I$4:I$500,'Exercise Library'!$B$4:$D$200,3,FALSE()),"")=A14))+SUMPRODUCT(('Workout Log'!$A$4:$A$500>=TODAY()-7)*('Workout Log'!$A$4:$A$500<>"")*(IFERROR(VLOOKUP('Workout Log'!J$4:J$500,'Exercise Library'!$B$4:$C$200,2,FALSE()),"")=A14))+SUMPRODUCT(('Workout Log'!$A$4:$A$500>=TODAY()-7)*('Workout Log'!$A$4:$A$500<>"")*(IFERROR(VLOOKUP('Workout Log'!J$4:J$500,'Exercise Library'!$B$4:$D$200,3,FALSE()),"")=A14))+SUMPRODUCT(('Workout Log'!$A$4:$A$500>=TODAY()-7)*('Workout Log'!$A$4:$A$500<>"")*(IFERROR(VLOOKUP('Workout Log'!K$4:K$500,'Exercise Library'!$B$4:$C$200,2,FALSE()),"")=A14))+SUMPRODUCT(('Workout Log'!$A$4:$A$500>=TODAY()-7)*('Workout Log'!$A$4:$A$500<>"")*(IFERROR(VLOOKUP('Workout Log'!K$4:K$500,'Exercise Library'!$B$4:$D$200,3,FALSE()),"")=A14))+SUMPRODUCT(('Workout Log'!$A$4:$A$500>=TODAY()-7)*('Workout Log'!$A$4:$A$500<>"")*(IFERROR(VLOOKUP('Workout Log'!L$4:L$500,'Exercise Library'!$B$4:$C$200,2,FALSE()),"")=A14))+SUMPRODUCT(('Workout Log'!$A$4:$A$500>=TODAY()-7)*('Workout Log'!$A$4:$A$500<>"")*(IFERROR(VLOOKUP('Workout Log'!L$4:L$500,'Exercise Library'!$B$4:$D$200,3,FALSE()),"")=A14))+SUMPRODUCT(('Workout Log'!$A$4:$A$500>=TODAY()-7)*('Workout Log'!$A$4:$A$500<>"")*(IFERROR(VLOOKUP('Workout Log'!M$4:M$500,'Exercise Library'!$B$4:$C$200,2,FALSE()),"")=A14))+SUMPRODUCT(('Workout Log'!$A$4:$A$500>=TODAY()-7)*('Workout Log'!$A$4:$A$500<>"")*(IFERROR(VLOOKUP('Workout Log'!M$4:M$500,'Exercise Library'!$B$4:$D$200,3,FALSE()),"")=A14)) -> 0 | C14: =SUMPRODUCT(('Workout Log'!$A$4:$A$500>=TODAY()-14)*('Workout Log'!$A$4:$A$500<>"")*(IFERROR(VLOOKUP('Workout Log'!F$4:F$500,'Exercise Library'!$B$4:$C$200,2,FALSE()),"")=A14))+SUMPRODUCT(('Workout Log'!$A$4:$A$500>=TODAY()-14)*('Workout Log'!$A$4:$A$500<>"")*(IFERROR(VLOOKUP('Workout Log'!F$4:F$500,'Exercise Library'!$B$4:$D$200,3,FALSE()),"")=A14))+SUMPRODUCT(('Workout Log'!$A$4:$A$500>=TODAY()-14)*('Workout Log'!$A$4:$A$500<>"")*(IFERROR(VLOOKUP('Workout Log'!G$4:G$500,'Exercise Library'!$B$4:$C$200,2,FALSE()),"")=A14))+SUMPRODUCT(('Workout Log'!$A$4:$A$500>=TODAY()-14)*('Workout Log'!$A$4:$A$500<>"")*(IFERROR(VLOOKUP('Workout Log'!G$4:G$500,'Exercise Library'!$B$4:$D$200,3,FALSE()),"")=A14))+SUMPRODUCT(('Workout Log'!$A$4:$A$500>=TODAY()-14)*('Workout Log'!$A$4:$A$500<>"")*(IFERROR(VLOOKUP('Workout Log'!H$4:H$500,'Exercise Library'!$B$4:$C$200,2,FALSE()),"")=A14))+SUMPRODUCT(('Workout Log'!$A$4:$A$500>=TODAY()-14)*('Workout Log'!$A$4:$A$500<>"")*(IFERROR(VLOOKUP('Workout Log'!H$4:H$500,'Exercise Library'!$B$4:$D$200,3,FALSE()),"")=A14))+SUMPRODUCT(('Workout Log'!$A$4:$A$500>=TODAY()-14)*('Workout Log'!$A$4:$A$500<>"")*(IFERROR(VLOOKUP('Workout Log'!I$4:I$500,'Exercise Library'!$B$4:$C$200,2,FALSE()),"")=A14))+SUMPRODUCT(('Workout Log'!$A$4:$A$500>=TODAY()-14)*('Workout Log'!$A$4:$A$500<>"")*(IFERROR(VLOOKUP('Workout Log'!I$4:I$500,'Exercise Library'!$B$4:$D$200,3,FALSE()),"")=A14))+SUMPRODUCT(('Workout Log'!$A$4:$A$500>=TODAY()-14)*('Workout Log'!$A$4:$A$500<>"")*(IFERROR(VLOOKUP('Workout Log'!J$4:J$500,'Exercise Library'!$B$4:$C$200,2,FALSE()),"")=A14))+SUMPRODUCT(('Workout Log'!$A$4:$A$500>=TODAY()-14)*('Workout Log'!$A$4:$A$500<>"")*(IFERROR(VLOOKUP('Workout Log'!J$4:J$500,'Exercise Library'!$B$4:$D$200,3,FALSE()),"")=A14))+SUMPRODUCT(('Workout Log'!$A$4:$A$500>=TODAY()-14)*('Workout Log'!$A$4:$A$500<>"")*(IFERROR(VLOOKUP('Workout Log'!K$4:K$500,'Exercise Library'!$B$4:$C$200,2,FALSE()),"")=A14))+SUMPRODUCT(('Workout Log'!$A$4:$A$500>=TODAY()-14)*('Workout Log'!$A$4:$A$500<>"")*(IFERROR(VLOOKUP('Workout Log'!K$4:K$500,'Exercise Library'!$B$4:$D$200,3,FALSE()),"")=A14))+SUMPRODUCT(('Workout Log'!$A$4:$A$500>=TODAY()-14)*('Workout Log'!$A$4:$A$500<>"")*(IFERROR(VLOOKUP('Workout Log'!L$4:L$500,'Exercise Library'!$B$4:$C$200,2,FALSE()),"")=A14))+SUMPRODUCT(('Workout Log'!$A$4:$A$500>=TODAY()-14)*('Workout Log'!$A$4:$A$500<>"")*(IFERROR(VLOOKUP('Workout Log'!L$4:L$500,'Exercise Library'!$B$4:$D$200,3,FALSE()),"")=A14))+SUMPRODUCT(('Workout Log'!$A$4:$A$500>=TODAY()-14)*('Workout Log'!$A$4:$A$500<>"")*(IFERROR(VLOOKUP('Workout Log'!M$4:M$500,'Exercise Library'!$B$4:$C$200,2,FALSE()),"")=A14))+SUMPRODUCT(('Workout Log'!$A$4:$A$500>=TODAY()-14)*('Workout Log'!$A$4:$A$500<>"")*(IFERROR(VLOOKUP('Workout Log'!M$4:M$500,'Exercise Library'!$B$4:$D$200,3,FALSE()),"")=A14)) -> 0 | D14: =SUMPRODUCT(('Workout Log'!$A$4:$A$500>=TODAY()-30)*('Workout Log'!$A$4:$A$500<>"")*(IFERROR(VLOOKUP('Workout Log'!F$4:F$500,'Exercise Library'!$B$4:$C$200,2,FALSE()),"")=A14))+SUMPRODUCT(('Workout Log'!$A$4:$A$500>=TODAY()-30)*('Workout Log'!$A$4:$A$500<>"")*(IFERROR(VLOOKUP('Workout Log'!F$4:F$500,'Exercise Library'!$B$4:$D$200,3,FALSE()),"")=A14))+SUMPRODUCT(('Workout Log'!$A$4:$A$500>=TODAY()-30)*('Workout Log'!$A$4:$A$500<>"")*(IFERROR(VLOOKUP('Workout Log'!G$4:G$500,'Exercise Library'!$B$4:$C$200,2,FALSE()),"")=A14))+SUMPRODUCT(('Workout Log'!$A$4:$A$500>=TODAY()-30)*('Workout Log'!$A$4:$A$500<>"")*(IFERROR(VLOOKUP('Workout Log'!G$4:G$500,'Exercise Library'!$B$4:$D$200,3,FALSE()),"")=A14))+SUMPRODUCT(('Workout Log'!$A$4:$A$500>=TODAY()-30)*('Workout Log'!$A$4:$A$500<>"")*(IFERROR(VLOOKUP('Workout Log'!H$4:H$500,'Exercise Library'!$B$4:$C$200,2,FALSE()),"")=A14))+SUMPRODUCT(('Workout Log'!$A$4:$A$500>=TODAY()-30)*('Workout Log'!$A$4:$A$500<>"")*(IFERROR(VLOOKUP('Workout Log'!H$4:H$500,'Exercise Library'!$B$4:$D$200,3,FALSE()),"")=A14))+SUMPRODUCT(('Workout Log'!$A$4:$A$500>=TODAY()-30)*('Workout Log'!$A$4:$A$500<>"")*(IFERROR(VLOOKUP('Workout Log'!I$4:I$500,'Exercise Library'!$B$4:$C$200,2,FALSE()),"")=A14))+SUMPRODUCT(('Workout Log'!$A$4:$A$500>=TODAY()-30)*('Workout Log'!$A$4:$A$500<>"")*(IFERROR(VLOOKUP('Workout Log'!I$4:I$500,'Exercise Library'!$B$4:$D$200,3,FALSE()),"")=A14))+SUMPRODUCT(('Workout Log'!$A$4:$A$500>=TODAY()-30)*('Workout Log'!$A$4:$A$500<>"")*(IFERROR(VLOOKUP('Workout Log'!J$4:J$500,'Exercise Library'!$B$4:$C$200,2,FALSE()),"")=A14))+SUMPRODUCT(('Workout Log'!$A$4:$A$500>=TODAY()-30)*('Workout Log'!$A$4:$A$500<>"")*(IFERROR(VLOOKUP('Workout Log'!J$4:J$500,'Exercise Library'!$B$4:$D$200,3,FALSE()),"")=A14))+SUMPRODUCT(('Workout Log'!$A$4:$A$500>=TODAY()-30)*('Workout Log'!$A$4:$A$500<>"")*(IFERROR(VLOOKUP('Workout Log'!K$4:K$500,'Exercise Library'!$B$4:$C$200,2,FALSE()),"")=A14))+SUMPRODUCT(('Workout Log'!$A$4:$A$500>=TODAY()-30)*('Workout Log'!$A$4:$A$500<>"")*(IFERROR(VLOOKUP('Workout Log'!K$4:K$500,'Exercise Library'!$B$4:$D$200,3,FALSE()),"")=A14))+SUMPRODUCT(('Workout Log'!$A$4:$A$500>=TODAY()-30)*('Workout Log'!$A$4:$A$500<>"")*(IFERROR(VLOOKUP('Workout Log'!L$4:L$500,'Exercise Library'!$B$4:$C$200,2,FALSE()),"")=A14))+SUMPRODUCT(('Workout Log'!$A$4:$A$500>=TODAY()-30)*('Workout Log'!$A$4:$A$500<>"")*(IFERROR(VLOOKUP('Workout Log'!L$4:L$500,'Exercise Library'!$B$4:$D$200,3,FALSE()),"")=A14))+SUMPRODUCT(('Workout Log'!$A$4:$A$500>=TODAY()-30)*('Workout Log'!$A$4:$A$500<>"")*(IFERROR(VLOOKUP('Workout Log'!M$4:M$500,'Exercise Library'!$B$4:$C$200,2,FALSE()),"")=A14))+SUMPRODUCT(('Workout Log'!$A$4:$A$500>=TODAY()-30)*('Workout Log'!$A$4:$A$500<>"")*(IFERROR(VLOOKUP('Workout Log'!M$4:M$500,'Exercise Library'!$B$4:$D$200,3,FALSE()),"")=A14)) -> 0 | E14: =SUMPRODUCT(('Workout Log'!$A$4:$A$500>0)*('Workout Log'!$A$4:$A$500<>"")*(IFERROR(VLOOKUP('Workout Log'!F$4:F$500,'Exercise Library'!$B$4:$C$200,2,FALSE()),"")=A14))+SUMPRODUCT(('Workout Log'!$A$4:$A$500>0)*('Workout Log'!$A$4:$A$500<>"")*(IFERROR(VLOOKUP('Workout Log'!F$4:F$500,'Exercise Library'!$B$4:$D$200,3,FALSE()),"")=A14))+SUMPRODUCT(('Workout Log'!$A$4:$A$500>0)*('Workout Log'!$A$4:$A$500<>"")*(IFERROR(VLOOKUP('Workout Log'!G$4:G$500,'Exercise Library'!$B$4:$C$200,2,FALSE()),"")=A14))+SUMPRODUCT(('Workout Log'!$A$4:$A$500>0)*('Workout Log'!$A$4:$A$500<>"")*(IFERROR(VLOOKUP('Workout Log'!G$4:G$500,'Exercise Library'!$B$4:$D$200,3,FALSE()),"")=A14))+SUMPRODUCT(('Workout Log'!$A$4:$A$500>0)*('Workout Log'!$A$4:$A$500<>"")*(IFERROR(VLOOKUP('Workout Log'!H$4:H$500,'Exercise Library'!$B$4:$C$200,2,FALSE()),"")=A14))+SUMPRODUCT(('Workout Log'!$A$4:$A$500>0)*('Workout Log'!$A$4:$A$500<>"")*(IFERROR(VLOOKUP('Workout Log'!H$4:H$500,'Exercise Library'!$B$4:$D$200,3,FALSE()),"")=A14))+SUMPRODUCT(('Workout Log'!$A$4:$A$500>0)*('Workout Log'!$A$4:$A$500<>"")*(IFERROR(VLOOKUP('Workout Log'!I$4:I$500,'Exercise Library'!$B$4:$C$200,2,FALSE()),"")=A14))+SUMPRODUCT(('Workout Log'!$A$4:$A$500>0)*('Workout Log'!$A$4:$A$500<>"")*(IFERROR(VLOOKUP('Workout Log'!I$4:I$500,'Exercise Library'!$B$4:$D$200,3,FALSE()),"")=A14))+SUMPRODUCT(('Workout Log'!$A$4:$A$500>0)*('Workout Log'!$A$4:$A$500<>"")*(IFERROR(VLOOKUP('Workout Log'!J$4:J$500,'Exercise Library'!$B$4:$C$200,2,FALSE()),"")=A14))+SUMPRODUCT(('Workout Log'!$A$4:$A$500>0)*('Workout Log'!$A$4:$A$500<>"")*(IFERROR(VLOOKUP('Workout Log'!J$4:J$500,'Exercise Library'!$B$4:$D$200,3,FALSE()),"")=A14))+SUMPRODUCT(('Workout Log'!$A$4:$A$500>0)*('Workout Log'!$A$4:$A$500<>"")*(IFERROR(VLOOKUP('Workout Log'!K$4:K$500,'Exercise Library'!$B$4:$C$200,2,FALSE()),"")=A14))+SUMPRODUCT(('Workout Log'!$A$4:$A$500>0)*('Workout Log'!$A$4:$A$500<>"")*(IFERROR(VLOOKUP('Workout Log'!K$4:K$500,'Exercise Library'!$B$4:$D$200,3,FALSE()),"")=A14))+SUMPRODUCT(('Workout Log'!$A$4:$A$500>0)*('Workout Log'!$A$4:$A$500<>"")*(IFERROR(VLOOKUP('Workout Log'!L$4:L$500,'Exercise Library'!$B$4:$C$200,2,FALSE()),"")=A14))+SUMPRODUCT(('Workout Log'!$A$4:$A$500>0)*('Workout Log'!$A$4:$A$500<>"")*(IFERROR(VLOOKUP('Workout Log'!L$4:L$500,'Exercise Library'!$B$4:$D$200,3,FALSE()),"")=A14))+SUMPRODUCT(('Workout Log'!$A$4:$A$500>0)*('Workout Log'!$A$4:$A$500<>"")*(IFERROR(VLOOKUP('Workout Log'!M$4:M$500,'Exercise Library'!$B$4:$C$200,2,FALSE()),"")=A14))+SUMPRODUCT(('Workout Log'!$A$4:$A$500>0)*('Workout Log'!$A$4:$A$500<>"")*(IFERROR(VLOOKUP('Workout Log'!M$4:M$500,'Exercise Library'!$B$4:$D$200,3,FALSE()),"")=A14)) -> 0 | F14: =IF(E14=0,"Never",IFERROR(TODAY()-MAX(B14*0+TODAY()-7),"N/A")) -> Never | G14: 2 | H14: =MAX(0, G14-B14) -> 2
A15: Olympic - Jerk | B15: =SUMPRODUCT(('Workout Log'!$A$4:$A$500>=TODAY()-7)*('Workout Log'!$A$4:$A$500<>"")*(IFERROR(VLOOKUP('Workout Log'!F$4:F$500,'Exercise Library'!$B$4:$C$200,2,FALSE()),"")=A15))+SUMPRODUCT(('Workout Log'!$A$4:$A$500>=TODAY()-7)*('Workout Log'!$A$4:$A$500<>"")*(IFERROR(VLOOKUP('Workout Log'!F$4:F$500,'Exercise Library'!$B$4:$D$200,3,FALSE()),"")=A15))+SUMPRODUCT(('Workout Log'!$A$4:$A$500>=TODAY()-7)*('Workout Log'!$A$4:$A$500<>"")*(IFERROR(VLOOKUP('Workout Log'!G$4:G$500,'Exercise Library'!$B$4:$C$200,2,FALSE()),"")=A15))+SUMPRODUCT(('Workout Log'!$A$4:$A$500>=TODAY()-7)*('Workout Log'!$A$4:$A$500<>"")*(IFERROR(VLOOKUP('Workout Log'!G$4:G$500,'Exercise Library'!$B$4:$D$200,3,FALSE()),"")=A15))+SUMPRODUCT(('Workout Log'!$A$4:$A$500>=TODAY()-7)*('Workout Log'!$A$4:$A$500<>"")*(IFERROR(VLOOKUP('Workout Log'!H$4:H$500,'Exercise Library'!$B$4:$C$200,2,FALSE()),"")=A15))+SUMPRODUCT(('Workout Log'!$A$4:$A$500>=TODAY()-7)*('Workout Log'!$A$4:$A$500<>"")*(IFERROR(VLOOKUP('Workout Log'!H$4:H$500,'Exercise Library'!$B$4:$D$200,3,FALSE()),"")=A15))+SUMPRODUCT(('Workout Log'!$A$4:$A$500>=TODAY()-7)*('Workout Log'!$A$4:$A$500<>"")*(IFERROR(VLOOKUP('Workout Log'!I$4:I$500,'Exercise Library'!$B$4:$C$200,2,FALSE()),"")=A15))+SUMPRODUCT(('Workout Log'!$A$4:$A$500>=TODAY()-7)*('Workout Log'!$A$4:$A$500<>"")*(IFERROR(VLOOKUP('Workout Log'!I$4:I$500,'Exercise Library'!$B$4:$D$200,3,FALSE()),"")=A15))+SUMPRODUCT(('Workout Log'!$A$4:$A$500>=TODAY()-7)*('Workout Log'!$A$4:$A$500<>"")*(IFERROR(VLOOKUP('Workout Log'!J$4:J$500,'Exercise Library'!$B$4:$C$200,2,FALSE()),"")=A15))+SUMPRODUCT(('Workout Log'!$A$4:$A$500>=TODAY()-7)*('Workout Log'!$A$4:$A$500<>"")*(IFERROR(VLOOKUP('Workout Log'!J$4:J$500,'Exercise Library'!$B$4:$D$200,3,FALSE()),"")=A15))+SUMPRODUCT(('Workout Log'!$A$4:$A$500>=TODAY()-7)*('Workout Log'!$A$4:$A$500<>"")*(IFERROR(VLOOKUP('Workout Log'!K$4:K$500,'Exercise Library'!$B$4:$C$200,2,FALSE()),"")=A15))+SUMPRODUCT(('Workout Log'!$A$4:$A$500>=TODAY()-7)*('Workout Log'!$A$4:$A$500<>"")*(IFERROR(VLOOKUP('Workout Log'!K$4:K$500,'Exercise Library'!$B$4:$D$200,3,FALSE()),"")=A15))+SUMPRODUCT(('Workout Log'!$A$4:$A$500>=TODAY()-7)*('Workout Log'!$A$4:$A$500<>"")*(IFERROR(VLOOKUP('Workout Log'!L$4:L$500,'Exercise Library'!$B$4:$C$200,2,FALSE()),"")=A15))+SUMPRODUCT(('Workout Log'!$A$4:$A$500>=TODAY()-7)*('Workout Log'!$A$4:$A$500<>"")*(IFERROR(VLOOKUP('Workout Log'!L$4:L$500,'Exercise Library'!$B$4:$D$200,3,FALSE()),"")=A15))+SUMPRODUCT(('Workout Log'!$A$4:$A$500>=TODAY()-7)*('Workout Log'!$A$4:$A$500<>"")*(IFERROR(VLOOKUP('Workout Log'!M$4:M$500,'Exercise Library'!$B$4:$C$200,2,FALSE()),"")=A15))+SUMPRODUCT(('Workout Log'!$A$4:$A$500>=TODAY()-7)*('Workout Log'!$A$4:$A$500<>"")*(IFERROR(VLOOKUP('Workout Log'!M$4:M$500,'Exercise Library'!$B$4:$D$200,3,FALSE()),"")=A15)) -> 0 | C15: =SUMPRODUCT(('Workout Log'!$A$4:$A$500>=TODAY()-14)*('Workout Log'!$A$4:$A$500<>"")*(IFERROR(VLOOKUP('Workout Log'!F$4:F$500,'Exercise Library'!$B$4:$C$200,2,FALSE()),"")=A15))+SUMPRODUCT(('Workout Log'!$A$4:$A$500>=TODAY()-14)*('Workout Log'!$A$4:$A$500<>"")*(IFERROR(VLOOKUP('Workout Log'!F$4:F$500,'Exercise Library'!$B$4:$D$200,3,FALSE()),"")=A15))+SUMPRODUCT(('Workout Log'!$A$4:$A$500>=TODAY()-14)*('Workout Log'!$A$4:$A$500<>"")*(IFERROR(VLOOKUP('Workout Log'!G$4:G$500,'Exercise Library'!$B$4:$C$200,2,FALSE()),"")=A15))+SUMPRODUCT(('Workout Log'!$A$4:$A$500>=TODAY()-14)*('Workout Log'!$A$4:$A$500<>"")*(IFERROR(VLOOKUP('Workout Log'!G$4:G$500,'Exercise Library'!$B$4:$D$200,3,FALSE()),"")=A15))+SUMPRODUCT(('Workout Log'!$A$4:$A$500>=TODAY()-14)*('Workout Log'!$A$4:$A$500<>"")*(IFERROR(VLOOKUP('Workout Log'!H$4:H$500,'Exercise Library'!$B$4:$C$200,2,FALSE()),"")=A15))+SUMPRODUCT(('Workout Log'!$A$4:$A$500>=TODAY()-14)*('Workout Log'!$A$4:$A$500<>"")*(IFERROR(VLOOKUP('Workout Log'!H$4:H$500,'Exercise Library'!$B$4:$D$200,3,FALSE()),"")=A15))+SUMPRODUCT(('Workout Log'!$A$4:$A$500>=TODAY()-14)*('Workout Log'!$A$4:$A$500<>"")*(IFERROR(VLOOKUP('Workout Log'!I$4:I$500,'Exercise Library'!$B$4:$C$200,2,FALSE()),"")=A15))+SUMPRODUCT(('Workout Log'!$A$4:$A$500>=TODAY()-14)*('Workout Log'!$A$4:$A$500<>"")*(IFERROR(VLOOKUP('Workout Log'!I$4:I$500,'Exercise Library'!$B$4:$D$200,3,FALSE()),"")=A15))+SUMPRODUCT(('Workout Log'!$A$4:$A$500>=TODAY()-14)*('Workout Log'!$A$4:$A$500<>"")*(IFERROR(VLOOKUP('Workout Log'!J$4:J$500,'Exercise Library'!$B$4:$C$200,2,FALSE()),"")=A15))+SUMPRODUCT(('Workout Log'!$A$4:$A$500>=TODAY()-14)*('Workout Log'!$A$4:$A$500<>"")*(IFERROR(VLOOKUP('Workout Log'!J$4:J$500,'Exercise Library'!$B$4:$D$200,3,FALSE()),"")=A15))+SUMPRODUCT(('Workout Log'!$A$4:$A$500>=TODAY()-14)*('Workout Log'!$A$4:$A$500<>"")*(IFERROR(VLOOKUP('Workout Log'!K$4:K$500,'Exercise Library'!$B$4:$C$200,2,FALSE()),"")=A15))+SUMPRODUCT(('Workout Log'!$A$4:$A$500>=TODAY()-14)*('Workout Log'!$A$4:$A$500<>"")*(IFERROR(VLOOKUP('Workout Log'!K$4:K$500,'Exercise Library'!$B$4:$D$200,3,FALSE()),"")=A15))+SUMPRODUCT(('Workout Log'!$A$4:$A$500>=TODAY()-14)*('Workout Log'!$A$4:$A$500<>"")*(IFERROR(VLOOKUP('Workout Log'!L$4:L$500,'Exercise Library'!$B$4:$C$200,2,FALSE()),"")=A15))+SUMPRODUCT(('Workout Log'!$A$4:$A$500>=TODAY()-14)*('Workout Log'!$A$4:$A$500<>"")*(IFERROR(VLOOKUP('Workout Log'!L$4:L$500,'Exercise Library'!$B$4:$D$200,3,FALSE()),"")=A15))+SUMPRODUCT(('Workout Log'!$A$4:$A$500>=TODAY()-14)*('Workout Log'!$A$4:$A$500<>"")*(IFERROR(VLOOKUP('Workout Log'!M$4:M$500,'Exercise Library'!$B$4:$C$200,2,FALSE()),"")=A15))+SUMPRODUCT(('Workout Log'!$A$4:$A$500>=TODAY()-14)*('Workout Log'!$A$4:$A$500<>"")*(IFERROR(VLOOKUP('Workout Log'!M$4:M$500,'Exercise Library'!$B$4:$D$200,3,FALSE()),"")=A15)) -> 0 | D15: =SUMPRODUCT(('Workout Log'!$A$4:$A$500>=TODAY()-30)*('Workout Log'!$A$4:$A$500<>"")*(IFERROR(VLOOKUP('Workout Log'!F$4:F$500,'Exercise Library'!$B$4:$C$200,2,FALSE()),"")=A15))+SUMPRODUCT(('Workout Log'!$A$4:$A$500>=TODAY()-30)*('Workout Log'!$A$4:$A$500<>"")*(IFERROR(VLOOKUP('Workout Log'!F$4:F$500,'Exercise Library'!$B$4:$D$200,3,FALSE()),"")=A15))+SUMPRODUCT(('Workout Log'!$A$4:$A$500>=TODAY()-30)*('Workout Log'!$A$4:$A$500<>"")*(IFERROR(VLOOKUP('Workout Log'!G$4:G$500,'Exercise Library'!$B$4:$C$200,2,FALSE()),"")=A15))+SUMPRODUCT(('Workout Log'!$A$4:$A$500>=TODAY()-30)*('Workout Log'!$A$4:$A$500<>"")*(IFERROR(VLOOKUP('Workout Log'!G$4:G$500,'Exercise Library'!$B$4:$D$200,3,FALSE()),"")=A15))+SUMPRODUCT(('Workout Log'!$A$4:$A$500>=TODAY()-30)*('Workout Log'!$A$4:$A$500<>"")*(IFERROR(VLOOKUP('Workout Log'!H$4:H$500,'Exercise Library'!$B$4:$C$200,2,FALSE()),"")=A15))+SUMPRODUCT(('Workout Log'!$A$4:$A$500>=TODAY()-30)*('Workout Log'!$A$4:$A$500<>"")*(IFERROR(VLOOKUP('Workout Log'!H$4:H$500,'Exercise Library'!$B$4:$D$200,3,FALSE()),"")=A15))+SUMPRODUCT(('Workout Log'!$A$4:$A$500>=TODAY()-30)*('Workout Log'!$A$4:$A$500<>"")*(IFERROR(VLOOKUP('Workout Log'!I$4:I$500,'Exercise Library'!$B$4:$C$200,2,FALSE()),"")=A15))+SUMPRODUCT(('Workout Log'!$A$4:$A$500>=TODAY()-30)*('Workout Log'!$A$4:$A$500<>"")*(IFERROR(VLOOKUP('Workout Log'!I$4:I$500,'Exercise Library'!$B$4:$D$200,3,FALSE()),"")=A15))+SUMPRODUCT(('Workout Log'!$A$4:$A$500>=TODAY()-30)*('Workout Log'!$A$4:$A$500<>"")*(IFERROR(VLOOKUP('Workout Log'!J$4:J$500,'Exercise Library'!$B$4:$C$200,2,FALSE()),"")=A15))+SUMPRODUCT(('Workout Log'!$A$4:$A$500>=TODAY()-30)*('Workout Log'!$A$4:$A$500<>"")*(IFERROR(VLOOKUP('Workout Log'!J$4:J$500,'Exercise Library'!$B$4:$D$200,3,FALSE()),"")=A15))+SUMPRODUCT(('Workout Log'!$A$4:$A$500>=TODAY()-30)*('Workout Log'!$A$4:$A$500<>"")*(IFERROR(VLOOKUP('Workout Log'!K$4:K$500,'Exercise Library'!$B$4:$C$200,2,FALSE()),"")=A15))+SUMPRODUCT(('Workout Log'!$A$4:$A$500>=TODAY()-30)*('Workout Log'!$A$4:$A$500<>"")*(IFERROR(VLOOKUP('Workout Log'!K$4:K$500,'Exercise Library'!$B$4:$D$200,3,FALSE()),"")=A15))+SUMPRODUCT(('Workout Log'!$A$4:$A$500>=TODAY()-30)*('Workout Log'!$A$4:$A$500<>"")*(IFERROR(VLOOKUP('Workout Log'!L$4:L$500,'Exercise Library'!$B$4:$C$200,2,FALSE()),"")=A15))+SUMPRODUCT(('Workout Log'!$A$4:$A$500>=TODAY()-30)*('Workout Log'!$A$4:$A$500<>"")*(IFERROR(VLOOKUP('Workout Log'!L$4:L$500,'Exercise Library'!$B$4:$D$200,3,FALSE()),"")=A15))+SUMPRODUCT(('Workout Log'!$A$4:$A$500>=TODAY()-30)*('Workout Log'!$A$4:$A$500<>"")*(IFERROR(VLOOKUP('Workout Log'!M$4:M$500,'Exercise Library'!$B$4:$C$200,2,FALSE()),"")=A15))+SUMPRODUCT(('Workout Log'!$A$4:$A$500>=TODAY()-30)*('Workout Log'!$A$4:$A$500<>"")*(IFERROR(VLOOKUP('Workout Log'!M$4:M$500,'Exercise Library'!$B$4:$D$200,3,FALSE()),"")=A15)) -> 0 | E15: =SUMPRODUCT(('Workout Log'!$A$4:$A$500>0)*('Workout Log'!$A$4:$A$500<>"")*(IFERROR(VLOOKUP('Workout Log'!F$4:F$500,'Exercise Library'!$B$4:$C$200,2,FALSE()),"")=A15))+SUMPRODUCT(('Workout Log'!$A$4:$A$500>0)*('Workout Log'!$A$4:$A$500<>"")*(IFERROR(VLOOKUP('Workout Log'!F$4:F$500,'Exercise Library'!$B$4:$D$200,3,FALSE()),"")=A15))+SUMPRODUCT(('Workout Log'!$A$4:$A$500>0)*('Workout Log'!$A$4:$A$500<>"")*(IFERROR(VLOOKUP('Workout Log'!G$4:G$500,'Exercise Library'!$B$4:$C$200,2,FALSE()),"")=A15))+SUMPRODUCT(('Workout Log'!$A$4:$A$500>0)*('Workout Log'!$A$4:$A$500<>"")*(IFERROR(VLOOKUP('Workout Log'!G$4:G$500,'Exercise Library'!$B$4:$D$200,3,FALSE()),"")=A15))+SUMPRODUCT(('Workout Log'!$A$4:$A$500>0)*('Workout Log'!$A$4:$A$500<>"")*(IFERROR(VLOOKUP('Workout Log'!H$4:H$500,'Exercise Library'!$B$4:$C$200,2,FALSE()),"")=A15))+SUMPRODUCT(('Workout Log'!$A$4:$A$500>0)*('Workout Log'!$A$4:$A$500<>"")*(IFERROR(VLOOKUP('Workout Log'!H$4:H$500,'Exercise Library'!$B$4:$D$200,3,FALSE()),"")=A15))+SUMPRODUCT(('Workout Log'!$A$4:$A$500>0)*('Workout Log'!$A$4:$A$500<>"")*(IFERROR(VLOOKUP('Workout Log'!I$4:I$500,'Exercise Library'!$B$4:$C$200,2,FALSE()),"")=A15))+SUMPRODUCT(('Workout Log'!$A$4:$A$500>0)*('Workout Log'!$A$4:$A$500<>"")*(IFERROR(VLOOKUP('Workout Log'!I$4:I$500,'Exercise Library'!$B$4:$D$200,3,FALSE()),"")=A15))+SUMPRODUCT(('Workout Log'!$A$4:$A$500>0)*('Workout Log'!$A$4:$A$500<>"")*(IFERROR(VLOOKUP('Workout Log'!J$4:J$500,'Exercise Library'!$B$4:$C$200,2,FALSE()),"")=A15))+SUMPRODUCT(('Workout Log'!$A$4:$A$500>0)*('Workout Log'!$A$4:$A$500<>"")*(IFERROR(VLOOKUP('Workout Log'!J$4:J$500,'Exercise Library'!$B$4:$D$200,3,FALSE()),"")=A15))+SUMPRODUCT(('Workout Log'!$A$4:$A$500>0)*('Workout Log'!$A$4:$A$500<>"")*(IFERROR(VLOOKUP('Workout Log'!K$4:K$500,'Exercise Library'!$B$4:$C$200,2,FALSE()),"")=A15))+SUMPRODUCT(('Workout Log'!$A$4:$A$500>0)*('Workout Log'!$A$4:$A$500<>"")*(IFERROR(VLOOKUP('Workout Log'!K$4:K$500,'Exercise Library'!$B$4:$D$200,3,FALSE()),"")=A15))+SUMPRODUCT(('Workout Log'!$A$4:$A$500>0)*('Workout Log'!$A$4:$A$500<>"")*(IFERROR(VLOOKUP('Workout Log'!L$4:L$500,'Exercise Library'!$B$4:$C$200,2,FALSE()),"")=A15))+SUMPRODUCT(('Workout Log'!$A$4:$A$500>0)*('Workout Log'!$A$4:$A$500<>"")*(IFERROR(VLOOKUP('Workout Log'!L$4:L$500,'Exercise Library'!$B$4:$D$200,3,FALSE()),"")=A15))+SUMPRODUCT(('Workout Log'!$A$4:$A$500>0)*('Workout Log'!$A$4:$A$500<>"")*(IFERROR(VLOOKUP('Workout Log'!M$4:M$500,'Exercise Library'!$B$4:$C$200,2,FALSE()),"")=A15))+SUMPRODUCT(('Workout Log'!$A$4:$A$500>0)*('Workout Log'!$A$4:$A$500<>"")*(IFERROR(VLOOKUP('Workout Log'!M$4:M$500,'Exercise Library'!$B$4:$D$200,3,FALSE()),"")=A15)) -> 0 | F15: =IF(E15=0,"Never",IFERROR(TODAY()-MAX(B15*0+TODAY()-7),"N/A")) -> Never | G15: 2 | H15: =MAX(0, G15-B15) -> 2
A16: Monostructural | B16: =SUMPRODUCT(('Workout Log'!$A$4:$A$500>=TODAY()-7)*('Workout Log'!$A$4:$A$500<>"")*(IFERROR(VLOOKUP('Workout Log'!F$4:F$500,'Exercise Library'!$B$4:$C$200,2,FALSE()),"")=A16))+SUMPRODUCT(('Workout Log'!$A$4:$A$500>=TODAY()-7)*('Workout Log'!$A$4:$A$500<>"")*(IFERROR(VLOOKUP('Workout Log'!F$4:F$500,'Exercise Library'!$B$4:$D$200,3,FALSE()),"")=A16))+SUMPRODUCT(('Workout Log'!$A$4:$A$500>=TODAY()-7)*('Workout Log'!$A$4:$A$500<>"")*(IFERROR(VLOOKUP('Workout Log'!G$4:G$500,'Exercise Library'!$B$4:$C$200,2,FALSE()),"")=A16))+SUMPRODUCT(('Workout Log'!$A$4:$A$500>=TODAY()-7)*('Workout Log'!$A$4:$A$500<>"")*(IFERROR(VLOOKUP('Workout Log'!G$4:G$500,'Exercise Library'!$B$4:$D$200,3,FALSE()),"")=A16))+SUMPRODUCT(('Workout Log'!$A$4:$A$500>=TODAY()-7)*('Workout Log'!$A$4:$A$500<>"")*(IFERROR(VLOOKUP('Workout Log'!H$4:H$500,'Exercise Library'!$B$4:$C$200,2,FALSE()),"")=A16))+SUMPRODUCT(('Workout Log'!$A$4:$A$500>=TODAY()-7)*('Workout Log'!$A$4:$A$500<>"")*(IFERROR(VLOOKUP('Workout Log'!H$4:H$500,'Exercise Library'!$B$4:$D$200,3,FALSE()),"")=A16))+SUMPRODUCT(('Workout Log'!$A$4:$A$500>=TODAY()-7)*('Workout Log'!$A$4:$A$500<>"")*(IFERROR(VLOOKUP('Workout Log'!I$4:I$500,'Exercise Library'!$B$4:$C$200,2,FALSE()),"")=A16))+SUMPRODUCT(('Workout Log'!$A$4:$A$500>=TODAY()-7)*('Workout Log'!$A$4:$A$500<>"")*(IFERROR(VLOOKUP('Workout Log'!I$4:I$500,'Exercise Library'!$B$4:$D$200,3,FALSE()),"")=A16))+SUMPRODUCT(('Workout Log'!$A$4:$A$500>=TODAY()-7)*('Workout Log'!$A$4:$A$500<>"")*(IFERROR(VLOOKUP('Workout Log'!J$4:J$500,'Exercise Library'!$B$4:$C$200,2,FALSE()),"")=A16))+SUMPRODUCT(('Workout Log'!$A$4:$A$500>=TODAY()-7)*('Workout Log'!$A$4:$A$500<>"")*(IFERROR(VLOOKUP('Workout Log'!J$4:J$500,'Exercise Library'!$B$4:$D$200,3,FALSE()),"")=A16))+SUMPRODUCT(('Workout Log'!$A$4:$A$500>=TODAY()-7)*('Workout Log'!$A$4:$A$500<>"")*(IFERROR(VLOOKUP('Workout Log'!K$4:K$500,'Exercise Library'!$B$4:$C$200,2,FALSE()),"")=A16))+SUMPRODUCT(('Workout Log'!$A$4:$A$500>=TODAY()-7)*('Workout Log'!$A$4:$A$500<>"")*(IFERROR(VLOOKUP('Workout Log'!K$4:K$500,'Exercise Library'!$B$4:$D$200,3,FALSE()),"")=A16))+SUMPRODUCT(('Workout Log'!$A$4:$A$500>=TODAY()-7)*('Workout Log'!$A$4:$A$500<>"")*(IFERROR(VLOOKUP('Workout Log'!L$4:L$500,'Exercise Library'!$B$4:$C$200,2,FALSE()),"")=A16))+SUMPRODUCT(('Workout Log'!$A$4:$A$500>=TODAY()-7)*('Workout Log'!$A$4:$A$500<>"")*(IFERROR(VLOOKUP('Workout Log'!L$4:L$500,'Exercise Library'!$B$4:$D$200,3,FALSE()),"")=A16))+SUMPRODUCT(('Workout Log'!$A$4:$A$500>=TODAY()-7)*('Workout Log'!$A$4:$A$500<>"")*(IFERROR(VLOOKUP('Workout Log'!M$4:M$500,'Exercise Library'!$B$4:$C$200,2,FALSE()),"")=A16))+SUMPRODUCT(('Workout Log'!$A$4:$A$500>=TODAY()-7)*('Workout Log'!$A$4:$A$500<>"")*(IFERROR(VLOOKUP('Workout Log'!M$4:M$500,'Exercise Library'!$B$4:$D$200,3,FALSE()),"")=A16)) -> 0 | C16: =SUMPRODUCT(('Workout Log'!$A$4:$A$500>=TODAY()-14)*('Workout Log'!$A$4:$A$500<>"")*(IFERROR(VLOOKUP('Workout Log'!F$4:F$500,'Exercise Library'!$B$4:$C$200,2,FALSE()),"")=A16))+SUMPRODUCT(('Workout Log'!$A$4:$A$500>=TODAY()-14)*('Workout Log'!$A$4:$A$500<>"")*(IFERROR(VLOOKUP('Workout Log'!F$4:F$500,'Exercise Library'!$B$4:$D$200,3,FALSE()),"")=A16))+SUMPRODUCT(('Workout Log'!$A$4:$A$500>=TODAY()-14)*('Workout Log'!$A$4:$A$500<>"")*(IFERROR(VLOOKUP('Workout Log'!G$4:G$500,'Exercise Library'!$B$4:$C$200,2,FALSE()),"")=A16))+SUMPRODUCT(('Workout Log'!$A$4:$A$500>=TODAY()-14)*('Workout Log'!$A$4:$A$500<>"")*(IFERROR(VLOOKUP('Workout Log'!G$4:G$500,'Exercise Library'!$B$4:$D$200,3,FALSE()),"")=A16))+SUMPRODUCT(('Workout Log'!$A$4:$A$500>=TODAY()-14)*('Workout Log'!$A$4:$A$500<>"")*(IFERROR(VLOOKUP('Workout Log'!H$4:H$500,'Exercise Library'!$B$4:$C$200,2,FALSE()),"")=A16))+SUMPRODUCT(('Workout Log'!$A$4:$A$500>=TODAY()-14)*('Workout Log'!$A$4:$A$500<>"")*(IFERROR(VLOOKUP('Workout Log'!H$4:H$500,'Exercise Library'!$B$4:$D$200,3,FALSE()),"")=A16))+SUMPRODUCT(('Workout Log'!$A$4:$A$500>=TODAY()-14)*('Workout Log'!$A$4:$A$500<>"")*(IFERROR(VLOOKUP('Workout Log'!I$4:I$500,'Exercise Library'!$B$4:$C$200,2,FALSE()),"")=A16))+SUMPRODUCT(('Workout Log'!$A$4:$A$500>=TODAY()-14)*('Workout Log'!$A$4:$A$500<>"")*(IFERROR(VLOOKUP('Workout Log'!I$4:I$500,'Exercise Library'!$B$4:$D$200,3,FALSE()),"")=A16))+SUMPRODUCT(('Workout Log'!$A$4:$A$500>=TODAY()-14)*('Workout Log'!$A$4:$A$500<>"")*(IFERROR(VLOOKUP('Workout Log'!J$4:J$500,'Exercise Library'!$B$4:$C$200,2,FALSE()),"")=A16))+SUMPRODUCT(('Workout Log'!$A$4:$A$500>=TODAY()-14)*('Workout Log'!$A$4:$A$500<>"")*(IFERROR(VLOOKUP('Workout Log'!J$4:J$500,'Exercise Library'!$B$4:$D$200,3,FALSE()),"")=A16))+SUMPRODUCT(('Workout Log'!$A$4:$A$500>=TODAY()-14)*('Workout Log'!$A$4:$A$500<>"")*(IFERROR(VLOOKUP('Workout Log'!K$4:K$500,'Exercise Library'!$B$4:$C$200,2,FALSE()),"")=A16))+SUMPRODUCT(('Workout Log'!$A$4:$A$500>=TODAY()-14)*('Workout Log'!$A$4:$A$500<>"")*(IFERROR(VLOOKUP('Workout Log'!K$4:K$500,'Exercise Library'!$B$4:$D$200,3,FALSE()),"")=A16))+SUMPRODUCT(('Workout Log'!$A$4:$A$500>=TODAY()-14)*('Workout Log'!$A$4:$A$500<>"")*(IFERROR(VLOOKUP('Workout Log'!L$4:L$500,'Exercise Library'!$B$4:$C$200,2,FALSE()),"")=A16))+SUMPRODUCT(('Workout Log'!$A$4:$A$500>=TODAY()-14)*('Workout Log'!$A$4:$A$500<>"")*(IFERROR(VLOOKUP('Workout Log'!L$4:L$500,'Exercise Library'!$B$4:$D$200,3,FALSE()),"")=A16))+SUMPRODUCT(('Workout Log'!$A$4:$A$500>=TODAY()-14)*('Workout Log'!$A$4:$A$500<>"")*(IFERROR(VLOOKUP('Workout Log'!M$4:M$500,'Exercise Library'!$B$4:$C$200,2,FALSE()),"")=A16))+SUMPRODUCT(('Workout Log'!$A$4:$A$500>=TODAY()-14)*('Workout Log'!$A$4:$A$500<>"")*(IFERROR(VLOOKUP('Workout Log'!M$4:M$500,'Exercise Library'!$B$4:$D$200,3,FALSE()),"")=A16)) -> 0 | D16: =SUMPRODUCT(('Workout Log'!$A$4:$A$500>=TODAY()-30)*('Workout Log'!$A$4:$A$500<>"")*(IFERROR(VLOOKUP('Workout Log'!F$4:F$500,'Exercise Library'!$B$4:$C$200,2,FALSE()),"")=A16))+SUMPRODUCT(('Workout Log'!$A$4:$A$500>=TODAY()-30)*('Workout Log'!$A$4:$A$500<>"")*(IFERROR(VLOOKUP('Workout Log'!F$4:F$500,'Exercise Library'!$B$4:$D$200,3,FALSE()),"")=A16))+SUMPRODUCT(('Workout Log'!$A$4:$A$500>=TODAY()-30)*('Workout Log'!$A$4:$A$500<>"")*(IFERROR(VLOOKUP('Workout Log'!G$4:G$500,'Exercise Library'!$B$4:$C$200,2,FALSE()),"")=A16))+SUMPRODUCT(('Workout Log'!$A$4:$A$500>=TODAY()-30)*('Workout Log'!$A$4:$A$500<>"")*(IFERROR(VLOOKUP('Workout Log'!G$4:G$500,'Exercise Library'!$B$4:$D$200,3,FALSE()),"")=A16))+SUMPRODUCT(('Workout Log'!$A$4:$A$500>=TODAY()-30)*('Workout Log'!$A$4:$A$500<>"")*(IFERROR(VLOOKUP('Workout Log'!H$4:H$500,'Exercise Library'!$B$4:$C$200,2,FALSE()),"")=A16))+SUMPRODUCT(('Workout Log'!$A$4:$A$500>=TODAY()-30)*('Workout Log'!$A$4:$A$500<>"")*(IFERROR(VLOOKUP('Workout Log'!H$4:H$500,'Exercise Library'!$B$4:$D$200,3,FALSE()),"")=A16))+SUMPRODUCT(('Workout Log'!$A$4:$A$500>=TODAY()-30)*('Workout Log'!$A$4:$A$500<>"")*(IFERROR(VLOOKUP('Workout Log'!I$4:I$500,'Exercise Library'!$B$4:$C$200,2,FALSE()),"")=A16))+SUMPRODUCT(('Workout Log'!$A$4:$A$500>=TODAY()-30)*('Workout Log'!$A$4:$A$500<>"")*(IFERROR(VLOOKUP('Workout Log'!I$4:I$500,'Exercise Library'!$B$4:$D$200,3,FALSE()),"")=A16))+SUMPRODUCT(('Workout Log'!$A$4:$A$500>=TODAY()-30)*('Workout Log'!$A$4:$A$500<>"")*(IFERROR(VLOOKUP('Workout Log'!J$4:J$500,'Exercise Library'!$B$4:$C$200,2,FALSE()),"")=A16))+SUMPRODUCT(('Workout Log'!$A$4:$A$500>=TODAY()-30)*('Workout Log'!$A$4:$A$500<>"")*(IFERROR(VLOOKUP('Workout Log'!J$4:J$500,'Exercise Library'!$B$4:$D$200,3,FALSE()),"")=A16))+SUMPRODUCT(('Workout Log'!$A$4:$A$500>=TODAY()-30)*('Workout Log'!$A$4:$A$500<>"")*(IFERROR(VLOOKUP('Workout Log'!K$4:K$500,'Exercise Library'!$B$4:$C$200,2,FALSE()),"")=A16))+SUMPRODUCT(('Workout Log'!$A$4:$A$500>=TODAY()-30)*('Workout Log'!$A$4:$A$500<>"")*(IFERROR(VLOOKUP('Workout Log'!K$4:K$500,'Exercise Library'!$B$4:$D$200,3,FALSE()),"")=A16))+SUMPRODUCT(('Workout Log'!$A$4:$A$500>=TODAY()-30)*('Workout Log'!$A$4:$A$500<>"")*(IFERROR(VLOOKUP('Workout Log'!L$4:L$500,'Exercise Library'!$B$4:$C$200,2,FALSE()),"")=A16))+SUMPRODUCT(('Workout Log'!$A$4:$A$500>=TODAY()-30)*('Workout Log'!$A$4:$A$500<>"")*(IFERROR(VLOOKUP('Workout Log'!L$4:L$500,'Exercise Library'!$B$4:$D$200,3,FALSE()),"")=A16))+SUMPRODUCT(('Workout Log'!$A$4:$A$500>=TODAY()-30)*('Workout Log'!$A$4:$A$500<>"")*(IFERROR(VLOOKUP('Workout Log'!M$4:M$500,'Exercise Library'!$B$4:$C$200,2,FALSE()),"")=A16))+SUMPRODUCT(('Workout Log'!$A$4:$A$500>=TODAY()-30)*('Workout Log'!$A$4:$A$500<>"")*(IFERROR(VLOOKUP('Workout Log'!M$4:M$500,'Exercise Library'!$B$4:$D$200,3,FALSE()),"")=A16)) -> 0 | E16: =SUMPRODUCT(('Workout Log'!$A$4:$A$500>0)*('Workout Log'!$A$4:$A$500<>"")*(IFERROR(VLOOKUP('Workout Log'!F$4:F$500,'Exercise Library'!$B$4:$C$200,2,FALSE()),"")=A16))+SUMPRODUCT(('Workout Log'!$A$4:$A$500>0)*('Workout Log'!$A$4:$A$500<>"")*(IFERROR(VLOOKUP('Workout Log'!F$4:F$500,'Exercise Library'!$B$4:$D$200,3,FALSE()),"")=A16))+SUMPRODUCT(('Workout Log'!$A$4:$A$500>0)*('Workout Log'!$A$4:$A$500<>"")*(IFERROR(VLOOKUP('Workout Log'!G$4:G$500,'Exercise Library'!$B$4:$C$200,2,FALSE()),"")=A16))+SUMPRODUCT(('Workout Log'!$A$4:$A$500>0)*('Workout Log'!$A$4:$A$500<>"")*(IFERROR(VLOOKUP('Workout Log'!G$4:G$500,'Exercise Library'!$B$4:$D$200,3,FALSE()),"")=A16))+SUMPRODUCT(('Workout Log'!$A$4:$A$500>0)*('Workout Log'!$A$4:$A$500<>"")*(IFERROR(VLOOKUP('Workout Log'!H$4:H$500,'Exercise Library'!$B$4:$C$200,2,FALSE()),"")=A16))+SUMPRODUCT(('Workout Log'!$A$4:$A$500>0)*('Workout Log'!$A$4:$A$500<>"")*(IFERROR(VLOOKUP('Workout Log'!H$4:H$500,'Exercise Library'!$B$4:$D$200,3,FALSE()),"")=A16))+SUMPRODUCT(('Workout Log'!$A$4:$A$500>0)*('Workout Log'!$A$4:$A$500<>"")*(IFERROR(VLOOKUP('Workout Log'!I$4:I$500,'Exercise Library'!$B$4:$C$200,2,FALSE()),"")=A16))+SUMPRODUCT(('Workout Log'!$A$4:$A$500>0)*('Workout Log'!$A$4:$A$500<>"")*(IFERROR(VLOOKUP('Workout Log'!I$4:I$500,'Exercise Library'!$B$4:$D$200,3,FALSE()),"")=A16))+SUMPRODUCT(('Workout Log'!$A$4:$A$500>0)*('Workout Log'!$A$4:$A$500<>"")*(IFERROR(VLOOKUP('Workout Log'!J$4:J$500,'Exercise Library'!$B$4:$C$200,2,FALSE()),"")=A16))+SUMPRODUCT(('Workout Log'!$A$4:$A$500>0)*('Workout Log'!$A$4:$A$500<>"")*(IFERROR(VLOOKUP('Workout Log'!J$4:J$500,'Exercise Library'!$B$4:$D$200,3,FALSE()),"")=A16))+SUMPRODUCT(('Workout Log'!$A$4:$A$500>0)*('Workout Log'!$A$4:$A$500<>"")*(IFERROR(VLOOKUP('Workout Log'!K$4:K$500,'Exercise Library'!$B$4:$C$200,2,FALSE()),"")=A16))+SUMPRODUCT(('Workout Log'!$A$4:$A$500>0)*('Workout Log'!$A$4:$A$500<>"")*(IFERROR(VLOOKUP('Workout Log'!K$4:K$500,'Exercise Library'!$B$4:$D$200,3,FALSE()),"")=A16))+SUMPRODUCT(('Workout Log'!$A$4:$A$500>0)*('Workout Log'!$A$4:$A$500<>"")*(IFERROR(VLOOKUP('Workout Log'!L$4:L$500,'Exercise Library'!$B$4:$C$200,2,FALSE()),"")=A16))+SUMPRODUCT(('Workout Log'!$A$4:$A$500>0)*('Workout Log'!$A$4:$A$500<>"")*(IFERROR(VLOOKUP('Workout Log'!L$4:L$500,'Exercise Library'!$B$4:$D$200,3,FALSE()),"")=A16))+SUMPRODUCT(('Workout Log'!$A$4:$A$500>0)*('Workout Log'!$A$4:$A$500<>"")*(IFERROR(VLOOKUP('Workout Log'!M$4:M$500,'Exercise Library'!$B$4:$C$200,2,FALSE()),"")=A16))+SUMPRODUCT(('Workout Log'!$A$4:$A$500>0)*('Workout Log'!$A$4:$A$500<>"")*(IFERROR(VLOOKUP('Workout Log'!M$4:M$500,'Exercise Library'!$B$4:$D$200,3,FALSE()),"")=A16)) -> 0 | F16: =IF(E16=0,"Never",IFERROR(TODAY()-MAX(B16*0+TODAY()-7),"N/A")) -> Never | G16: 2 | H16: =MAX(0, G16-B16) -> 2
A17: Midline | B17: =SUMPRODUCT(('Workout Log'!$A$4:$A$500>=TODAY()-7)*('Workout Log'!$A$4:$A$500<>"")*(IFERROR(VLOOKUP('Workout Log'!F$4:F$500,'Exercise Library'!$B$4:$C$200,2,FALSE()),"")=A17))+SUMPRODUCT(('Workout Log'!$A$4:$A$500>=TODAY()-7)*('Workout Log'!$A$4:$A$500<>"")*(IFERROR(VLOOKUP('Workout Log'!F$4:F$500,'Exercise Library'!$B$4:$D$200,3,FALSE()),"")=A17))+SUMPRODUCT(('Workout Log'!$A$4:$A$500>=TODAY()-7)*('Workout Log'!$A$4:$A$500<>"")*(IFERROR(VLOOKUP('Workout Log'!G$4:G$500,'Exercise Library'!$B$4:$C$200,2,FALSE()),"")=A17))+SUMPRODUCT(('Workout Log'!$A$4:$A$500>=TODAY()-7)*('Workout Log'!$A$4:$A$500<>"")*(IFERROR(VLOOKUP('Workout Log'!G$4:G$500,'Exercise Library'!$B$4:$D$200,3,FALSE()),"")=A17))+SUMPRODUCT(('Workout Log'!$A$4:$A$500>=TODAY()-7)*('Workout Log'!$A$4:$A$500<>"")*(IFERROR(VLOOKUP('Workout Log'!H$4:H$500,'Exercise Library'!$B$4:$C$200,2,FALSE()),"")=A17))+SUMPRODUCT(('Workout Log'!$A$4:$A$500>=TODAY()-7)*('Workout Log'!$A$4:$A$500<>"")*(IFERROR(VLOOKUP('Workout Log'!H$4:H$500,'Exercise Library'!$B$4:$D$200,3,FALSE()),"")=A17))+SUMPRODUCT(('Workout Log'!$A$4:$A$500>=TODAY()-7)*('Workout Log'!$A$4:$A$500<>"")*(IFERROR(VLOOKUP('Workout Log'!I$4:I$500,'Exercise Library'!$B$4:$C$200,2,FALSE()),"")=A17))+SUMPRODUCT(('Workout Log'!$A$4:$A$500>=TODAY()-7)*('Workout Log'!$A$4:$A$500<>"")*(IFERROR(VLOOKUP('Workout Log'!I$4:I$500,'Exercise Library'!$B$4:$D$200,3,FALSE()),"")=A17))+SUMPRODUCT(('Workout Log'!$A$4:$A$500>=TODAY()-7)*('Workout Log'!$A$4:$A$500<>"")*(IFERROR(VLOOKUP('Workout Log'!J$4:J$500,'Exercise Library'!$B$4:$C$200,2,FALSE()),"")=A17))+SUMPRODUCT(('Workout Log'!$A$4:$A$500>=TODAY()-7)*('Workout Log'!$A$4:$A$500<>"")*(IFERROR(VLOOKUP('Workout Log'!J$4:J$500,'Exercise Library'!$B$4:$D$200,3,FALSE()),"")=A17))+SUMPRODUCT(('Workout Log'!$A$4:$A$500>=TODAY()-7)*('Workout Log'!$A$4:$A$500<>"")*(IFERROR(VLOOKUP('Workout Log'!K$4:K$500,'Exercise Library'!$B$4:$C$200,2,FALSE()),"")=A17))+SUMPRODUCT(('Workout Log'!$A$4:$A$500>=TODAY()-7)*('Workout Log'!$A$4:$A$500<>"")*(IFERROR(VLOOKUP('Workout Log'!K$4:K$500,'Exercise Library'!$B$4:$D$200,3,FALSE()),"")=A17))+SUMPRODUCT(('Workout Log'!$A$4:$A$500>=TODAY()-7)*('Workout Log'!$A$4:$A$500<>"")*(IFERROR(VLOOKUP('Workout Log'!L$4:L$500,'Exercise Library'!$B$4:$C$200,2,FALSE()),"")=A17))+SUMPRODUCT(('Workout Log'!$A$4:$A$500>=TODAY()-7)*('Workout Log'!$A$4:$A$500<>"")*(IFERROR(VLOOKUP('Workout Log'!L$4:L$500,'Exercise Library'!$B$4:$D$200,3,FALSE()),"")=A17))+SUMPRODUCT(('Workout Log'!$A$4:$A$500>=TODAY()-7)*('Workout Log'!$A$4:$A$500<>"")*(IFERROR(VLOOKUP('Workout Log'!M$4:M$500,'Exercise Library'!$B$4:$C$200,2,FALSE()),"")=A17))+SUMPRODUCT(('Workout Log'!$A$4:$A$500>=TODAY()-7)*('Workout Log'!$A$4:$A$500<>"")*(IFERROR(VLOOKUP('Workout Log'!M$4:M$500,'Exercise Library'!$B$4:$D$200,3,FALSE()),"")=A17)) -> 0 | C17: =SUMPRODUCT(('Workout Log'!$A$4:$A$500>=TODAY()-14)*('Workout Log'!$A$4:$A$500<>"")*(IFERROR(VLOOKUP('Workout Log'!F$4:F$500,'Exercise Library'!$B$4:$C$200,2,FALSE()),"")=A17))+SUMPRODUCT(('Workout Log'!$A$4:$A$500>=TODAY()-14)*('Workout Log'!$A$4:$A$500<>"")*(IFERROR(VLOOKUP('Workout Log'!F$4:F$500,'Exercise Library'!$B$4:$D$200,3,FALSE()),"")=A17))+SUMPRODUCT(('Workout Log'!$A$4:$A$500>=TODAY()-14)*('Workout Log'!$A$4:$A$500<>"")*(IFERROR(VLOOKUP('Workout Log'!G$4:G$500,'Exercise Library'!$B$4:$C$200,2,FALSE()),"")=A17))+SUMPRODUCT(('Workout Log'!$A$4:$A$500>=TODAY()-14)*('Workout Log'!$A$4:$A$500<>"")*(IFERROR(VLOOKUP('Workout Log'!G$4:G$500,'Exercise Library'!$B$4:$D$200,3,FALSE()),"")=A17))+SUMPRODUCT(('Workout Log'!$A$4:$A$500>=TODAY()-14)*('Workout Log'!$A$4:$A$500<>"")*(IFERROR(VLOOKUP('Workout Log'!H$4:H$500,'Exercise Library'!$B$4:$C$200,2,FALSE()),"")=A17))+SUMPRODUCT(('Workout Log'!$A$4:$A$500>=TODAY()-14)*('Workout Log'!$A$4:$A$500<>"")*(IFERROR(VLOOKUP('Workout Log'!H$4:H$500,'Exercise Library'!$B$4:$D$200,3,FALSE()),"")=A17))+SUMPRODUCT(('Workout Log'!$A$4:$A$500>=TODAY()-14)*('Workout Log'!$A$4:$A$500<>"")*(IFERROR(VLOOKUP('Workout Log'!I$4:I$500,'Exercise Library'!$B$4:$C$200,2,FALSE()),"")=A17))+SUMPRODUCT(('Workout Log'!$A$4:$A$500>=TODAY()-14)*('Workout Log'!$A$4:$A$500<>"")*(IFERROR(VLOOKUP('Workout Log'!I$4:I$500,'Exercise Library'!$B$4:$D$200,3,FALSE()),"")=A17))+SUMPRODUCT(('Workout Log'!$A$4:$A$500>=TODAY()-14)*('Workout Log'!$A$4:$A$500<>"")*(IFERROR(VLOOKUP('Workout Log'!J$4:J$500,'Exercise Library'!$B$4:$C$200,2,FALSE()),"")=A17))+SUMPRODUCT(('Workout Log'!$A$4:$A$500>=TODAY()-14)*('Workout Log'!$A$4:$A$500<>"")*(IFERROR(VLOOKUP('Workout Log'!J$4:J$500,'Exercise Library'!$B$4:$D$200,3,FALSE()),"")=A17))+SUMPRODUCT(('Workout Log'!$A$4:$A$500>=TODAY()-14)*('Workout Log'!$A$4:$A$500<>"")*(IFERROR(VLOOKUP('Workout Log'!K$4:K$500,'Exercise Library'!$B$4:$C$200,2,FALSE()),"")=A17))+SUMPRODUCT(('Workout Log'!$A$4:$A$500>=TODAY()-14)*('Workout Log'!$A$4:$A$500<>"")*(IFERROR(VLOOKUP('Workout Log'!K$4:K$500,'Exercise Library'!$B$4:$D$200,3,FALSE()),"")=A17))+SUMPRODUCT(('Workout Log'!$A$4:$A$500>=TODAY()-14)*('Workout Log'!$A$4:$A$500<>"")*(IFERROR(VLOOKUP('Workout Log'!L$4:L$500,'Exercise Library'!$B$4:$C$200,2,FALSE()),"")=A17))+SUMPRODUCT(('Workout Log'!$A$4:$A$500>=TODAY()-14)*('Workout Log'!$A$4:$A$500<>"")*(IFERROR(VLOOKUP('Workout Log'!L$4:L$500,'Exercise Library'!$B$4:$D$200,3,FALSE()),"")=A17))+SUMPRODUCT(('Workout Log'!$A$4:$A$500>=TODAY()-14)*('Workout Log'!$A$4:$A$500<>"")*(IFERROR(VLOOKUP('Workout Log'!M$4:M$500,'Exercise Library'!$B$4:$C$200,2,FALSE()),"")=A17))+SUMPRODUCT(('Workout Log'!$A$4:$A$500>=TODAY()-14)*('Workout Log'!$A$4:$A$500<>"")*(IFERROR(VLOOKUP('Workout Log'!M$4:M$500,'Exercise Library'!$B$4:$D$200,3,FALSE()),"")=A17)) -> 0 | D17: =SUMPRODUCT(('Workout Log'!$A$4:$A$500>=TODAY()-30)*('Workout Log'!$A$4:$A$500<>"")*(IFERROR(VLOOKUP('Workout Log'!F$4:F$500,'Exercise Library'!$B$4:$C$200,2,FALSE()),"")=A17))+SUMPRODUCT(('Workout Log'!$A$4:$A$500>=TODAY()-30)*('Workout Log'!$A$4:$A$500<>"")*(IFERROR(VLOOKUP('Workout Log'!F$4:F$500,'Exercise Library'!$B$4:$D$200,3,FALSE()),"")=A17))+SUMPRODUCT(('Workout Log'!$A$4:$A$500>=TODAY()-30)*('Workout Log'!$A$4:$A$500<>"")*(IFERROR(VLOOKUP('Workout Log'!G$4:G$500,'Exercise Library'!$B$4:$C$200,2,FALSE()),"")=A17))+SUMPRODUCT(('Workout Log'!$A$4:$A$500>=TODAY()-30)*('Workout Log'!$A$4:$A$500<>"")*(IFERROR(VLOOKUP('Workout Log'!G$4:G$500,'Exercise Library'!$B$4:$D$200,3,FALSE()),"")=A17))+SUMPRODUCT(('Workout Log'!$A$4:$A$500>=TODAY()-30)*('Workout Log'!$A$4:$A$500<>"")*(IFERROR(VLOOKUP('Workout Log'!H$4:H$500,'Exercise Library'!$B$4:$C$200,2,FALSE()),"")=A17))+SUMPRODUCT(('Workout Log'!$A$4:$A$500>=TODAY()-30)*('Workout Log'!$A$4:$A$500<>"")*(IFERROR(VLOOKUP('Workout Log'!H$4:H$500,'Exercise Library'!$B$4:$D$200,3,FALSE()),"")=A17))+SUMPRODUCT(('Workout Log'!$A$4:$A$500>=TODAY()-30)*('Workout Log'!$A$4:$A$500<>"")*(IFERROR(VLOOKUP('Workout Log'!I$4:I$500,'Exercise Library'!$B$4:$C$200,2,FALSE()),"")=A17))+SUMPRODUCT(('Workout Log'!$A$4:$A$500>=TODAY()-30)*('Workout Log'!$A$4:$A$500<>"")*(IFERROR(VLOOKUP('Workout Log'!I$4:I$500,'Exercise Library'!$B$4:$D$200,3,FALSE()),"")=A17))+SUMPRODUCT(('Workout Log'!$A$4:$A$500>=TODAY()-30)*('Workout Log'!$A$4:$A$500<>"")*(IFERROR(VLOOKUP('Workout Log'!J$4:J$500,'Exercise Library'!$B$4:$C$200,2,FALSE()),"")=A17))+SUMPRODUCT(('Workout Log'!$A$4:$A$500>=TODAY()-30)*('Workout Log'!$A$4:$A$500<>"")*(IFERROR(VLOOKUP('Workout Log'!J$4:J$500,'Exercise Library'!$B$4:$D$200,3,FALSE()),"")=A17))+SUMPRODUCT(('Workout Log'!$A$4:$A$500>=TODAY()-30)*('Workout Log'!$A$4:$A$500<>"")*(IFERROR(VLOOKUP('Workout Log'!K$4:K$500,'Exercise Library'!$B$4:$C$200,2,FALSE()),"")=A17))+SUMPRODUCT(('Workout Log'!$A$4:$A$500>=TODAY()-30)*('Workout Log'!$A$4:$A$500<>"")*(IFERROR(VLOOKUP('Workout Log'!K$4:K$500,'Exercise Library'!$B$4:$D$200,3,FALSE()),"")=A17))+SUMPRODUCT(('Workout Log'!$A$4:$A$500>=TODAY()-30)*('Workout Log'!$A$4:$A$500<>"")*(IFERROR(VLOOKUP('Workout Log'!L$4:L$500,'Exercise Library'!$B$4:$C$200,2,FALSE()),"")=A17))+SUMPRODUCT(('Workout Log'!$A$4:$A$500>=TODAY()-30)*('Workout Log'!$A$4:$A$500<>"")*(IFERROR(VLOOKUP('Workout Log'!L$4:L$500,'Exercise Library'!$B$4:$D$200,3,FALSE()),"")=A17))+SUMPRODUCT(('Workout Log'!$A$4:$A$500>=TODAY()-30)*('Workout Log'!$A$4:$A$500<>"")*(IFERROR(VLOOKUP('Workout Log'!M$4:M$500,'Exercise Library'!$B$4:$C$200,2,FALSE()),"")=A17))+SUMPRODUCT(('Workout Log'!$A$4:$A$500>=TODAY()-30)*('Workout Log'!$A$4:$A$500<>"")*(IFERROR(VLOOKUP('Workout Log'!M$4:M$500,'Exercise Library'!$B$4:$D$200,3,FALSE()),"")=A17)) -> 0 | E17: =SUMPRODUCT(('Workout Log'!$A$4:$A$500>0)*('Workout Log'!$A$4:$A$500<>"")*(IFERROR(VLOOKUP('Workout Log'!F$4:F$500,'Exercise Library'!$B$4:$C$200,2,FALSE()),"")=A17))+SUMPRODUCT(('Workout Log'!$A$4:$A$500>0)*('Workout Log'!$A$4:$A$500<>"")*(IFERROR(VLOOKUP('Workout Log'!F$4:F$500,'Exercise Library'!$B$4:$D$200,3,FALSE()),"")=A17))+SUMPRODUCT(('Workout Log'!$A$4:$A$500>0)*('Workout Log'!$A$4:$A$500<>"")*(IFERROR(VLOOKUP('Workout Log'!G$4:G$500,'Exercise Library'!$B$4:$C$200,2,FALSE()),"")=A17))+SUMPRODUCT(('Workout Log'!$A$4:$A$500>0)*('Workout Log'!$A$4:$A$500<>"")*(IFERROR(VLOOKUP('Workout Log'!G$4:G$500,'Exercise Library'!$B$4:$D$200,3,FALSE()),"")=A17))+SUMPRODUCT(('Workout Log'!$A$4:$A$500>0)*('Workout Log'!$A$4:$A$500<>"")*(IFERROR(VLOOKUP('Workout Log'!H$4:H$500,'Exercise Library'!$B$4:$C$200,2,FALSE()),"")=A17))+SUMPRODUCT(('Workout Log'!$A$4:$A$500>0)*('Workout Log'!$A$4:$A$500<>"")*(IFERROR(VLOOKUP('Workout Log'!H$4:H$500,'Exercise Library'!$B$4:$D$200,3,FALSE()),"")=A17))+SUMPRODUCT(('Workout Log'!$A$4:$A$500>0)*('Workout Log'!$A$4:$A$500<>"")*(IFERROR(VLOOKUP('Workout Log'!I$4:I$500,'Exercise Library'!$B$4:$C$200,2,FALSE()),"")=A17))+SUMPRODUCT(('Workout Log'!$A$4:$A$500>0)*('Workout Log'!$A$4:$A$500<>"")*(IFERROR(VLOOKUP('Workout Log'!I$4:I$500,'Exercise Library'!$B$4:$D$200,3,FALSE()),"")=A17))+SUMPRODUCT(('Workout Log'!$A$4:$A$500>0)*('Workout Log'!$A$4:$A$500<>"")*(IFERROR(VLOOKUP('Workout Log'!J$4:J$500,'Exercise Library'!$B$4:$C$200,2,FALSE()),"")=A17))+SUMPRODUCT(('Workout Log'!$A$4:$A$500>0)*('Workout Log'!$A$4:$A$500<>"")*(IFERROR(VLOOKUP('Workout Log'!J$4:J$500,'Exercise Library'!$B$4:$D$200,3,FALSE()),"")=A17))+SUMPRODUCT(('Workout Log'!$A$4:$A$500>0)*('Workout Log'!$A$4:$A$500<>"")*(IFERROR(VLOOKUP('Workout Log'!K$4:K$500,'Exercise Library'!$B$4:$C$200,2,FALSE()),"")=A17))+SUMPRODUCT(('Workout Log'!$A$4:$A$500>0)*('Workout Log'!$A$4:$A$500<>"")*(IFERROR(VLOOKUP('Workout Log'!K$4:K$500,'Exercise Library'!$B$4:$D$200,3,FALSE()),"")=A17))+SUMPRODUCT(('Workout Log'!$A$4:$A$500>0)*('Workout Log'!$A$4:$A$500<>"")*(IFERROR(VLOOKUP('Workout Log'!L$4:L$500,'Exercise Library'!$B$4:$C$200,2,FALSE()),"")=A17))+SUMPRODUCT(('Workout Log'!$A$4:$A$500>0)*('Workout Log'!$A$4:$A$500<>"")*(IFERROR(VLOOKUP('Workout Log'!L$4:L$500,'Exercise Library'!$B$4:$D$200,3,FALSE()),"")=A17))+SUMPRODUCT(('Workout Log'!$A$4:$A$500>0)*('Workout Log'!$A$4:$A$500<>"")*(IFERROR(VLOOKUP('Workout Log'!M$4:M$500,'Exercise Library'!$B$4:$C$200,2,FALSE()),"")=A17))+SUMPRODUCT(('Workout Log'!$A$4:$A$500>0)*('Workout Log'!$A$4:$A$500<>"")*(IFERROR(VLOOKUP('Workout Log'!M$4:M$500,'Exercise Library'!$B$4:$D$200,3,FALSE()),"")=A17)) -> 0 | F17: =IF(E17=0,"Never",IFERROR(TODAY()-MAX(B17*0+TODAY()-7),"N/A")) -> Never | G17: 2 | H17: =MAX(0, G17-B17) -> 2
A18: Loaded Carry | B18: =SUMPRODUCT(('Workout Log'!$A$4:$A$500>=TODAY()-7)*('Workout Log'!$A$4:$A$500<>"")*(IFERROR(VLOOKUP('Workout Log'!F$4:F$500,'Exercise Library'!$B$4:$C$200,2,FALSE()),"")=A18))+SUMPRODUCT(('Workout Log'!$A$4:$A$500>=TODAY()-7)*('Workout Log'!$A$4:$A$500<>"")*(IFERROR(VLOOKUP('Workout Log'!F$4:F$500,'Exercise Library'!$B$4:$D$200,3,FALSE()),"")=A18))+SUMPRODUCT(('Workout Log'!$A$4:$A$500>=TODAY()-7)*('Workout Log'!$A$4:$A$500<>"")*(IFERROR(VLOOKUP('Workout Log'!G$4:G$500,'Exercise Library'!$B$4:$C$200,2,FALSE()),"")=A18))+SUMPRODUCT(('Workout Log'!$A$4:$A$500>=TODAY()-7)*('Workout Log'!$A$4:$A$500<>"")*(IFERROR(VLOOKUP('Workout Log'!G$4:G$500,'Exercise Library'!$B$4:$D$200,3,FALSE()),"")=A18))+SUMPRODUCT(('Workout Log'!$A$4:$A$500>=TODAY()-7)*('Workout Log'!$A$4:$A$500<>"")*(IFERROR(VLOOKUP('Workout Log'!H$4:H$500,'Exercise Library'!$B$4:$C$200,2,FALSE()),"")=A18))+SUMPRODUCT(('Workout Log'!$A$4:$A$500>=TODAY()-7)*('Workout Log'!$A$4:$A$500<>"")*(IFERROR(VLOOKUP('Workout Log'!H$4:H$500,'Exercise Library'!$B$4:$D$200,3,FALSE()),"")=A18))+SUMPRODUCT(('Workout Log'!$A$4:$A$500>=TODAY()-7)*('Workout Log'!$A$4:$A$500<>"")*(IFERROR(VLOOKUP('Workout Log'!I$4:I$500,'Exercise Library'!$B$4:$C$200,2,FALSE()),"")=A18))+SUMPRODUCT(('Workout Log'!$A$4:$A$500>=TODAY()-7)*('Workout Log'!$A$4:$A$500<>"")*(IFERROR(VLOOKUP('Workout Log'!I$4:I$500,'Exercise Library'!$B$4:$D$200,3,FALSE()),"")=A18))+SUMPRODUCT(('Workout Log'!$A$4:$A$500>=TODAY()-7)*('Workout Log'!$A$4:$A$500<>"")*(IFERROR(VLOOKUP('Workout Log'!J$4:J$500,'Exercise Library'!$B$4:$C$200,2,FALSE()),"")=A18))+SUMPRODUCT(('Workout Log'!$A$4:$A$500>=TODAY()-7)*('Workout Log'!$A$4:$A$500<>"")*(IFERROR(VLOOKUP('Workout Log'!J$4:J$500,'Exercise Library'!$B$4:$D$200,3,FALSE()),"")=A18))+SUMPRODUCT(('Workout Log'!$A$4:$A$500>=TODAY()-7)*('Workout Log'!$A$4:$A$500<>"")*(IFERROR(VLOOKUP('Workout Log'!K$4:K$500,'Exercise Library'!$B$4:$C$200,2,FALSE()),"")=A18))+SUMPRODUCT(('Workout Log'!$A$4:$A$500>=TODAY()-7)*('Workout Log'!$A$4:$A$500<>"")*(IFERROR(VLOOKUP('Workout Log'!K$4:K$500,'Exercise Library'!$B$4:$D$200,3,FALSE()),"")=A18))+SUMPRODUCT(('Workout Log'!$A$4:$A$500>=TODAY()-7)*('Workout Log'!$A$4:$A$500<>"")*(IFERROR(VLOOKUP('Workout Log'!L$4:L$500,'Exercise Library'!$B$4:$C$200,2,FALSE()),"")=A18))+SUMPRODUCT(('Workout Log'!$A$4:$A$500>=TODAY()-7)*('Workout Log'!$A$4:$A$500<>"")*(IFERROR(VLOOKUP('Workout Log'!L$4:L$500,'Exercise Library'!$B$4:$D$200,3,FALSE()),"")=A18))+SUMPRODUCT(('Workout Log'!$A$4:$A$500>=TODAY()-7)*('Workout Log'!$A$4:$A$500<>"")*(IFERROR(VLOOKUP('Workout Log'!M$4:M$500,'Exercise Library'!$B$4:$C$200,2,FALSE()),"")=A18))+SUMPRODUCT(('Workout Log'!$A$4:$A$500>=TODAY()-7)*('Workout Log'!$A$4:$A$500<>"")*(IFERROR(VLOOKUP('Workout Log'!M$4:M$500,'Exercise Library'!$B$4:$D$200,3,FALSE()),"")=A18)) -> 0 | C18: =SUMPRODUCT(('Workout Log'!$A$4:$A$500>=TODAY()-14)*('Workout Log'!$A$4:$A$500<>"")*(IFERROR(VLOOKUP('Workout Log'!F$4:F$500,'Exercise Library'!$B$4:$C$200,2,FALSE()),"")=A18))+SUMPRODUCT(('Workout Log'!$A$4:$A$500>=TODAY()-14)*('Workout Log'!$A$4:$A$500<>"")*(IFERROR(VLOOKUP('Workout Log'!F$4:F$500,'Exercise Library'!$B$4:$D$200,3,FALSE()),"")=A18))+SUMPRODUCT(('Workout Log'!$A$4:$A$500>=TODAY()-14)*('Workout Log'!$A$4:$A$500<>"")*(IFERROR(VLOOKUP('Workout Log'!G$4:G$500,'Exercise Library'!$B$4:$C$200,2,FALSE()),"")=A18))+SUMPRODUCT(('Workout Log'!$A$4:$A$500>=TODAY()-14)*('Workout Log'!$A$4:$A$500<>"")*(IFERROR(VLOOKUP('Workout Log'!G$4:G$500,'Exercise Library'!$B$4:$D$200,3,FALSE()),"")=A18))+SUMPRODUCT(('Workout Log'!$A$4:$A$500>=TODAY()-14)*('Workout Log'!$A$4:$A$500<>"")*(IFERROR(VLOOKUP('Workout Log'!H$4:H$500,'Exercise Library'!$B$4:$C$200,2,FALSE()),"")=A18))+SUMPRODUCT(('Workout Log'!$A$4:$A$500>=TODAY()-14)*('Workout Log'!$A$4:$A$500<>"")*(IFERROR(VLOOKUP('Workout Log'!H$4:H$500,'Exercise Library'!$B$4:$D$200,3,FALSE()),"")=A18))+SUMPRODUCT(('Workout Log'!$A$4:$A$500>=TODAY()-14)*('Workout Log'!$A$4:$A$500<>"")*(IFERROR(VLOOKUP('Workout Log'!I$4:I$500,'Exercise Library'!$B$4:$C$200,2,FALSE()),"")=A18))+SUMPRODUCT(('Workout Log'!$A$4:$A$500>=TODAY()-14)*('Workout Log'!$A$4:$A$500<>"")*(IFERROR(VLOOKUP('Workout Log'!I$4:I$500,'Exercise Library'!$B$4:$D$200,3,FALSE()),"")=A18))+SUMPRODUCT(('Workout Log'!$A$4:$A$500>=TODAY()-14)*('Workout Log'!$A$4:$A$500<>"")*(IFERROR(VLOOKUP('Workout Log'!J$4:J$500,'Exercise Library'!$B$4:$C$200,2,FALSE()),"")=A18))+SUMPRODUCT(('Workout Log'!$A$4:$A$500>=TODAY()-14)*('Workout Log'!$A$4:$A$500<>"")*(IFERROR(VLOOKUP('Workout Log'!J$4:J$500,'Exercise Library'!$B$4:$D$200,3,FALSE()),"")=A18))+SUMPRODUCT(('Workout Log'!$A$4:$A$500>=TODAY()-14)*('Workout Log'!$A$4:$A$500<>"")*(IFERROR(VLOOKUP('Workout Log'!K$4:K$500,'Exercise Library'!$B$4:$C$200,2,FALSE()),"")=A18))+SUMPRODUCT(('Workout Log'!$A$4:$A$500>=TODAY()-14)*('Workout Log'!$A$4:$A$500<>"")*(IFERROR(VLOOKUP('Workout Log'!K$4:K$500,'Exercise Library'!$B$4:$D$200,3,FALSE()),"")=A18))+SUMPRODUCT(('Workout Log'!$A$4:$A$500>=TODAY()-14)*('Workout Log'!$A$4:$A$500<>"")*(IFERROR(VLOOKUP('Workout Log'!L$4:L$500,'Exercise Library'!$B$4:$C$200,2,FALSE()),"")=A18))+SUMPRODUCT(('Workout Log'!$A$4:$A$500>=TODAY()-14)*('Workout Log'!$A$4:$A$500<>"")*(IFERROR(VLOOKUP('Workout Log'!L$4:L$500,'Exercise Library'!$B$4:$D$200,3,FALSE()),"")=A18))+SUMPRODUCT(('Workout Log'!$A$4:$A$500>=TODAY()-14)*('Workout Log'!$A$4:$A$500<>"")*(IFERROR(VLOOKUP('Workout Log'!M$4:M$500,'Exercise Library'!$B$4:$C$200,2,FALSE()),"")=A18))+SUMPRODUCT(('Workout Log'!$A$4:$A$500>=TODAY()-14)*('Workout Log'!$A$4:$A$500<>"")*(IFERROR(VLOOKUP('Workout Log'!M$4:M$500,'Exercise Library'!$B$4:$D$200,3,FALSE()),"")=A18)) -> 0 | D18: =SUMPRODUCT(('Workout Log'!$A$4:$A$500>=TODAY()-30)*('Workout Log'!$A$4:$A$500<>"")*(IFERROR(VLOOKUP('Workout Log'!F$4:F$500,'Exercise Library'!$B$4:$C$200,2,FALSE()),"")=A18))+SUMPRODUCT(('Workout Log'!$A$4:$A$500>=TODAY()-30)*('Workout Log'!$A$4:$A$500<>"")*(IFERROR(VLOOKUP('Workout Log'!F$4:F$500,'Exercise Library'!$B$4:$D$200,3,FALSE()),"")=A18))+SUMPRODUCT(('Workout Log'!$A$4:$A$500>=TODAY()-30)*('Workout Log'!$A$4:$A$500<>"")*(IFERROR(VLOOKUP('Workout Log'!G$4:G$500,'Exercise Library'!$B$4:$C$200,2,FALSE()),"")=A18))+SUMPRODUCT(('Workout Log'!$A$4:$A$500>=TODAY()-30)*('Workout Log'!$A$4:$A$500<>"")*(IFERROR(VLOOKUP('Workout Log'!G$4:G$500,'Exercise Library'!$B$4:$D$200,3,FALSE()),"")=A18))+SUMPRODUCT(('Workout Log'!$A$4:$A$500>=TODAY()-30)*('Workout Log'!$A$4:$A$500<>"")*(IFERROR(VLOOKUP('Workout Log'!H$4:H$500,'Exercise Library'!$B$4:$C$200,2,FALSE()),"")=A18))+SUMPRODUCT(('Workout Log'!$A$4:$A$500>=TODAY()-30)*('Workout Log'!$A$4:$A$500<>"")*(IFERROR(VLOOKUP('Workout Log'!H$4:H$500,'Exercise Library'!$B$4:$D$200,3,FALSE()),"")=A18))+SUMPRODUCT(('Workout Log'!$A$4:$A$500>=TODAY()-30)*('Workout Log'!$A$4:$A$500<>"")*(IFERROR(VLOOKUP('Workout Log'!I$4:I$500,'Exercise Library'!$B$4:$C$200,2,FALSE()),"")=A18))+SUMPRODUCT(('Workout Log'!$A$4:$A$500>=TODAY()-30)*('Workout Log'!$A$4:$A$500<>"")*(IFERROR(VLOOKUP('Workout Log'!I$4:I$500,'Exercise Library'!$B$4:$D$200,3,FALSE()),"")=A18))+SUMPRODUCT(('Workout Log'!$A$4:$A$500>=TODAY()-30)*('Workout Log'!$A$4:$A$500<>"")*(IFERROR(VLOOKUP('Workout Log'!J$4:J$500,'Exercise Library'!$B$4:$C$200,2,FALSE()),"")=A18))+SUMPRODUCT(('Workout Log'!$A$4:$A$500>=TODAY()-30)*('Workout Log'!$A$4:$A$500<>"")*(IFERROR(VLOOKUP('Workout Log'!J$4:J$500,'Exercise Library'!$B$4:$D$200,3,FALSE()),"")=A18))+SUMPRODUCT(('Workout Log'!$A$4:$A$500>=TODAY()-30)*('Workout Log'!$A$4:$A$500<>"")*(IFERROR(VLOOKUP('Workout Log'!K$4:K$500,'Exercise Library'!$B$4:$C$200,2,FALSE()),"")=A18))+SUMPRODUCT(('Workout Log'!$A$4:$A$500>=TODAY()-30)*('Workout Log'!$A$4:$A$500<>"")*(IFERROR(VLOOKUP('Workout Log'!K$4:K$500,'Exercise Library'!$B$4:$D$200,3,FALSE()),"")=A18))+SUMPRODUCT(('Workout Log'!$A$4:$A$500>=TODAY()-30)*('Workout Log'!$A$4:$A$500<>"")*(IFERROR(VLOOKUP('Workout Log'!L$4:L$500,'Exercise Library'!$B$4:$C$200,2,FALSE()),"")=A18))+SUMPRODUCT(('Workout Log'!$A$4:$A$500>=TODAY()-30)*('Workout Log'!$A$4:$A$500<>"")*(IFERROR(VLOOKUP('Workout Log'!L$4:L$500,'Exercise Library'!$B$4:$D$200,3,FALSE()),"")=A18))+SUMPRODUCT(('Workout Log'!$A$4:$A$500>=TODAY()-30)*('Workout Log'!$A$4:$A$500<>"")*(IFERROR(VLOOKUP('Workout Log'!M$4:M$500,'Exercise Library'!$B$4:$C$200,2,FALSE()),"")=A18))+SUMPRODUCT(('Workout Log'!$A$4:$A$500>=TODAY()-30)*('Workout Log'!$A$4:$A$500<>"")*(IFERROR(VLOOKUP('Workout Log'!M$4:M$500,'Exercise Library'!$B$4:$D$200,3,FALSE()),"")=A18)) -> 0 | E18: =SUMPRODUCT(('Workout Log'!$A$4:$A$500>0)*('Workout Log'!$A$4:$A$500<>"")*(IFERROR(VLOOKUP('Workout Log'!F$4:F$500,'Exercise Library'!$B$4:$C$200,2,FALSE()),"")=A18))+SUMPRODUCT(('Workout Log'!$A$4:$A$500>0)*('Workout Log'!$A$4:$A$500<>"")*(IFERROR(VLOOKUP('Workout Log'!F$4:F$500,'Exercise Library'!$B$4:$D$200,3,FALSE()),"")=A18))+SUMPRODUCT(('Workout Log'!$A$4:$A$500>0)*('Workout Log'!$A$4:$A$500<>"")*(IFERROR(VLOOKUP('Workout Log'!G$4:G$500,'Exercise Library'!$B$4:$C$200,2,FALSE()),"")=A18))+SUMPRODUCT(('Workout Log'!$A$4:$A$500>0)*('Workout Log'!$A$4:$A$500<>"")*(IFERROR(VLOOKUP('Workout Log'!G$4:G$500,'Exercise Library'!$B$4:$D$200,3,FALSE()),"")=A18))+SUMPRODUCT(('Workout Log'!$A$4:$A$500>0)*('Workout Log'!$A$4:$A$500<>"")*(IFERROR(VLOOKUP('Workout Log'!H$4:H$500,'Exercise Library'!$B$4:$C$200,2,FALSE()),"")=A18))+SUMPRODUCT(('Workout Log'!$A$4:$A$500>0)*('Workout Log'!$A$4:$A$500<>"")*(IFERROR(VLOOKUP('Workout Log'!H$4:H$500,'Exercise Library'!$B$4:$D$200,3,FALSE()),"")=A18))+SUMPRODUCT(('Workout Log'!$A$4:$A$500>0)*('Workout Log'!$A$4:$A$500<>"")*(IFERROR(VLOOKUP('Workout Log'!I$4:I$500,'Exercise Library'!$B$4:$C$200,2,FALSE()),"")=A18))+SUMPRODUCT(('Workout Log'!$A$4:$A$500>0)*('Workout Log'!$A$4:$A$500<>"")*(IFERROR(VLOOKUP('Workout Log'!I$4:I$500,'Exercise Library'!$B$4:$D$200,3,FALSE()),"")=A18))+SUMPRODUCT(('Workout Log'!$A$4:$A$500>0)*('Workout Log'!$A$4:$A$500<>"")*(IFERROR(VLOOKUP('Workout Log'!J$4:J$500,'Exercise Library'!$B$4:$C$200,2,FALSE()),"")=A18))+SUMPRODUCT(('Workout Log'!$A$4:$A$500>0)*('Workout Log'!$A$4:$A$500<>"")*(IFERROR(VLOOKUP('Workout Log'!J$4:J$500,'Exercise Library'!$B$4:$D$200,3,FALSE()),"")=A18))+SUMPRODUCT(('Workout Log'!$A$4:$A$500>0)*('Workout Log'!$A$4:$A$500<>"")*(IFERROR(VLOOKUP('Workout Log'!K$4:K$500,'Exercise Library'!$B$4:$C$200,2,FALSE()),"")=A18))+SUMPRODUCT(('Workout Log'!$A$4:$A$500>0)*('Workout Log'!$A$4:$A$500<>"")*(IFERROR(VLOOKUP('Workout Log'!K$4:K$500,'Exercise Library'!$B$4:$D$200,3,FALSE()),"")=A18))+SUMPRODUCT(('Workout Log'!$A$4:$A$500>0)*('Workout Log'!$A$4:$A$500<>"")*(IFERROR(VLOOKUP('Workout Log'!L$4:L$500,'Exercise Library'!$B$4:$C$200,2,FALSE()),"")=A18))+SUMPRODUCT(('Workout Log'!$A$4:$A$500>0)*('Workout Log'!$A$4:$A$500<>"")*(IFERROR(VLOOKUP('Workout Log'!L$4:L$500,'Exercise Library'!$B$4:$D$200,3,FALSE()),"")=A18))+SUMPRODUCT(('Workout Log'!$A$4:$A$500>0)*('Workout Log'!$A$4:$A$500<>"")*(IFERROR(VLOOKUP('Workout Log'!M$4:M$500,'Exercise Library'!$B$4:$C$200,2,FALSE()),"")=A18))+SUMPRODUCT(('Workout Log'!$A$4:$A$500>0)*('Workout Log'!$A$4:$A$500<>"")*(IFERROR(VLOOKUP('Workout Log'!M$4:M$500,'Exercise Library'!$B$4:$D$200,3,FALSE()),"")=A18)) -> 0 | F18: =IF(E18=0,"Never",IFERROR(TODAY()-MAX(B18*0+TODAY()-7),"N/A")) -> Never | G18: 2 | H18: =MAX(0, G18-B18) -> 2
... A20: Accessory | B20: =SUMPRODUCT(('Workout Log'!$A$4:$A$500>=TODAY()-7)*('Workout Log'!$A$4:$A$500<>"")*(IFERROR(VLOOKUP('Workout Log'!F$4:F$500,'Exercise Library'!$B$4:$C$200,2,FALSE()),"")=A20))+SUMPRODUCT(('Workout Log'!$A$4:$A$500>=TODAY()-7)*('Workout Log'!$A$4:$A$500<>"")*(IFERROR(VLOOKUP('Workout Log'!F$4:F$500,'Exercise Library'!$B$4:$D$200,3,FALSE()),"")=A20))+SUMPRODUCT(('Workout Log'!$A$4:$A$500>=TODAY()-7)*('Workout Log'!$A$4:$A$500<>"")*(IFERROR(VLOOKUP('Workout Log'!G$4:G$500,'Exercise Library'!$B$4:$C$200,2,FALSE()),"")=A20))+SUMPRODUCT(('Workout Log'!$A$4:$A$500>=TODAY()-7)*('Workout Log'!$A$4:$A$500<>"")*(IFERROR(VLOOKUP('Workout Log'!G$4:G$500,'Exercise Library'!$B$4:$D$200,3,FALSE()),"")=A20))+SUMPRODUCT(('Workout Log'!$A$4:$A$500>=TODAY()-7)*('Workout Log'!$A$4:$A$500<>"")*(IFERROR(VLOOKUP('Workout Log'!H$4:H$500,'Exercise Library'!$B$4:$C$200,2,FALSE()),"")=A20))+SUMPRODUCT(('Workout Log'!$A$4:$A$500>=TODAY()-7)*('Workout Log'!$A$4:$A$500<>"")*(IFERROR(VLOOKUP('Workout Log'!H$4:H$500,'Exercise Library'!$B$4:$D$200,3,FALSE()),"")=A20))+SUMPRODUCT(('Workout Log'!$A$4:$A$500>=TODAY()-7)*('Workout Log'!$A$4:$A$500<>"")*(IFERROR(VLOOKUP('Workout Log'!I$4:I$500,'Exercise Library'!$B$4:$C$200,2,FALSE()),"")=A20))+SUMPRODUCT(('Workout Log'!$A$4:$A$500>=TODAY()-7)*('Workout Log'!$A$4:$A$500<>"")*(IFERROR(VLOOKUP('Workout Log'!I$4:I$500,'Exercise Library'!$B$4:$D$200,3,FALSE()),"")=A20))+SUMPRODUCT(('Workout Log'!$A$4:$A$500>=TODAY()-7)*('Workout Log'!$A$4:$A$500<>"")*(IFERROR(VLOOKUP('Workout Log'!J$4:J$500,'Exercise Library'!$B$4:$C$200,2,FALSE()),"")=A20))+SUMPRODUCT(('Workout Log'!$A$4:$A$500>=TODAY()-7)*('Workout Log'!$A$4:$A$500<>"")*(IFERROR(VLOOKUP('Workout Log'!J$4:J$500,'Exercise Library'!$B$4:$D$200,3,FALSE()),"")=A20))+SUMPRODUCT(('Workout Log'!$A$4:$A$500>=TODAY()-7)*('Workout Log'!$A$4:$A$500<>"")*(IFERROR(VLOOKUP('Workout Log'!K$4:K$500,'Exercise Library'!$B$4:$C$200,2,FALSE()),"")=A20))+SUMPRODUCT(('Workout Log'!$A$4:$A$500>=TODAY()-7)*('Workout Log'!$A$4:$A$500<>"")*(IFERROR(VLOOKUP('Workout Log'!K$4:K$500,'Exercise Library'!$B$4:$D$200,3,FALSE()),"")=A20))+SUMPRODUCT(('Workout Log'!$A$4:$A$500>=TODAY()-7)*('Workout Log'!$A$4:$A$500<>"")*(IFERROR(VLOOKUP('Workout Log'!L$4:L$500,'Exercise Library'!$B$4:$C$200,2,FALSE()),"")=A20))+SUMPRODUCT(('Workout Log'!$A$4:$A$500>=TODAY()-7)*('Workout Log'!$A$4:$A$500<>"")*(IFERROR(VLOOKUP('Workout Log'!L$4:L$500,'Exercise Library'!$B$4:$D$200,3,FALSE()),"")=A20))+SUMPRODUCT(('Workout Log'!$A$4:$A$500>=TODAY()-7)*('Workout Log'!$A$4:$A$500<>"")*(IFERROR(VLOOKUP('Workout Log'!M$4:M$500,'Exercise Library'!$B$4:$C$200,2,FALSE()),"")=A20))+SUMPRODUCT(('Workout Log'!$A$4:$A$500>=TODAY()-7)*('Workout Log'!$A$4:$A$500<>"")*(IFERROR(VLOOKUP('Workout Log'!M$4:M$500,'Exercise Library'!$B$4:$D$200,3,FALSE()),"")=A20)) -> 0 | C20: =SUMPRODUCT(('Workout Log'!$A$4:$A$500>=TODAY()-14)*('Workout Log'!$A$4:$A$500<>"")*(IFERROR(VLOOKUP('Workout Log'!F$4:F$500,'Exercise Library'!$B$4:$C$200,2,FALSE()),"")=A20))+SUMPRODUCT(('Workout Log'!$A$4:$A$500>=TODAY()-14)*('Workout Log'!$A$4:$A$500<>"")*(IFERROR(VLOOKUP('Workout Log'!F$4:F$500,'Exercise Library'!$B$4:$D$200,3,FALSE()),"")=A20))+SUMPRODUCT(('Workout Log'!$A$4:$A$500>=TODAY()-14)*('Workout Log'!$A$4:$A$500<>"")*(IFERROR(VLOOKUP('Workout Log'!G$4:G$500,'Exercise Library'!$B$4:$C$200,2,FALSE()),"")=A20))+SUMPRODUCT(('Workout Log'!$A$4:$A$500>=TODAY()-14)*('Workout Log'!$A$4:$A$500<>"")*(IFERROR(VLOOKUP('Workout Log'!G$4:G$500,'Exercise Library'!$B$4:$D$200,3,FALSE()),"")=A20))+SUMPRODUCT(('Workout Log'!$A$4:$A$500>=TODAY()-14)*('Workout Log'!$A$4:$A$500<>"")*(IFERROR(VLOOKUP('Workout Log'!H$4:H$500,'Exercise Library'!$B$4:$C$200,2,FALSE()),"")=A20))+SUMPRODUCT(('Workout Log'!$A$4:$A$500>=TODAY()-14)*('Workout Log'!$A$4:$A$500<>"")*(IFERROR(VLOOKUP('Workout Log'!H$4:H$500,'Exercise Library'!$B$4:$D$200,3,FALSE()),"")=A20))+SUMPRODUCT(('Workout Log'!$A$4:$A$500>=TODAY()-14)*('Workout Log'!$A$4:$A$500<>"")*(IFERROR(VLOOKUP('Workout Log'!I$4:I$500,'Exercise Library'!$B$4:$C$200,2,FALSE()),"")=A20))+SUMPRODUCT(('Workout Log'!$A$4:$A$500>=TODAY()-14)*('Workout Log'!$A$4:$A$500<>"")*(IFERROR(VLOOKUP('Workout Log'!I$4:I$500,'Exercise Library'!$B$4:$D$200,3,FALSE()),"")=A20))+SUMPRODUCT(('Workout Log'!$A$4:$A$500>=TODAY()-14)*('Workout Log'!$A$4:$A$500<>"")*(IFERROR(VLOOKUP('Workout Log'!J$4:J$500,'Exercise Library'!$B$4:$C$200,2,FALSE()),"")=A20))+SUMPRODUCT(('Workout Log'!$A$4:$A$500>=TODAY()-14)*('Workout Log'!$A$4:$A$500<>"")*(IFERROR(VLOOKUP('Workout Log'!J$4:J$500,'Exercise Library'!$B$4:$D$200,3,FALSE()),"")=A20))+SUMPRODUCT(('Workout Log'!$A$4:$A$500>=TODAY()-14)*('Workout Log'!$A$4:$A$500<>"")*(IFERROR(VLOOKUP('Workout Log'!K$4:K$500,'Exercise Library'!$B$4:$C$200,2,FALSE()),"")=A20))+SUMPRODUCT(('Workout Log'!$A$4:$A$500>=TODAY()-14)*('Workout Log'!$A$4:$A$500<>"")*(IFERROR(VLOOKUP('Workout Log'!K$4:K$500,'Exercise Library'!$B$4:$D$200,3,FALSE()),"")=A20))+SUMPRODUCT(('Workout Log'!$A$4:$A$500>=TODAY()-14)*('Workout Log'!$A$4:$A$500<>"")*(IFERROR(VLOOKUP('Workout Log'!L$4:L$500,'Exercise Library'!$B$4:$C$200,2,FALSE()),"")=A20))+SUMPRODUCT(('Workout Log'!$A$4:$A$500>=TODAY()-14)*('Workout Log'!$A$4:$A$500<>"")*(IFERROR(VLOOKUP('Workout Log'!L$4:L$500,'Exercise Library'!$B$4:$D$200,3,FALSE()),"")=A20))+SUMPRODUCT(('Workout Log'!$A$4:$A$500>=TODAY()-14)*('Workout Log'!$A$4:$A$500<>"")*(IFERROR(VLOOKUP('Workout Log'!M$4:M$500,'Exercise Library'!$B$4:$C$200,2,FALSE()),"")=A20))+SUMPRODUCT(('Workout Log'!$A$4:$A$500>=TODAY()-14)*('Workout Log'!$A$4:$A$500<>"")*(IFERROR(VLOOKUP('Workout Log'!M$4:M$500,'Exercise Library'!$B$4:$D$200,3,FALSE()),"")=A20)) -> 0 | D20: =SUMPRODUCT(('Workout Log'!$A$4:$A$500>=TODAY()-30)*('Workout Log'!$A$4:$A$500<>"")*(IFERROR(VLOOKUP('Workout Log'!F$4:F$500,'Exercise Library'!$B$4:$C$200,2,FALSE()),"")=A20))+SUMPRODUCT(('Workout Log'!$A$4:$A$500>=TODAY()-30)*('Workout Log'!$A$4:$A$500<>"")*(IFERROR(VLOOKUP('Workout Log'!F$4:F$500,'Exercise Library'!$B$4:$D$200,3,FALSE()),"")=A20))+SUMPRODUCT(('Workout Log'!$A$4:$A$500>=TODAY()-30)*('Workout Log'!$A$4:$A$500<>"")*(IFERROR(VLOOKUP('Workout Log'!G$4:G$500,'Exercise Library'!$B$4:$C$200,2,FALSE()),"")=A20))+SUMPRODUCT(('Workout Log'!$A$4:$A$500>=TODAY()-30)*('Workout Log'!$A$4:$A$500<>"")*(IFERROR(VLOOKUP('Workout Log'!G$4:G$500,'Exercise Library'!$B$4:$D$200,3,FALSE()),"")=A20))+SUMPRODUCT(('Workout Log'!$A$4:$A$500>=TODAY()-30)*('Workout Log'!$A$4:$A$500<>"")*(IFERROR(VLOOKUP('Workout Log'!H$4:H$500,'Exercise Library'!$B$4:$C$200,2,FALSE()),"")=A20))+SUMPRODUCT(('Workout Log'!$A$4:$A$500>=TODAY()-30)*('Workout Log'!$A$4:$A$500<>"")*(IFERROR(VLOOKUP('Workout Log'!H$4:H$500,'Exercise Library'!$B$4:$D$200,3,FALSE()),"")=A20))+SUMPRODUCT(('Workout Log'!$A$4:$A$500>=TODAY()-30)*('Workout Log'!$A$4:$A$500<>"")*(IFERROR(VLOOKUP('Workout Log'!I$4:I$500,'Exercise Library'!$B$4:$C$200,2,FALSE()),"")=A20))+SUMPRODUCT(('Workout Log'!$A$4:$A$500>=TODAY()-30)*('Workout Log'!$A$4:$A$500<>"")*(IFERROR(VLOOKUP('Workout Log'!I$4:I$500,'Exercise Library'!$B$4:$D$200,3,FALSE()),"")=A20))+SUMPRODUCT(('Workout Log'!$A$4:$A$500>=TODAY()-30)*('Workout Log'!$A$4:$A$500<>"")*(IFERROR(VLOOKUP('Workout Log'!J$4:J$500,'Exercise Library'!$B$4:$C$200,2,FALSE()),"")=A20))+SUMPRODUCT(('Workout Log'!$A$4:$A$500>=TODAY()-30)*('Workout Log'!$A$4:$A$500<>"")*(IFERROR(VLOOKUP('Workout Log'!J$4:J$500,'Exercise Library'!$B$4:$D$200,3,FALSE()),"")=A20))+SUMPRODUCT(('Workout Log'!$A$4:$A$500>=TODAY()-30)*('Workout Log'!$A$4:$A$500<>"")*(IFERROR(VLOOKUP('Workout Log'!K$4:K$500,'Exercise Library'!$B$4:$C$200,2,FALSE()),"")=A20))+SUMPRODUCT(('Workout Log'!$A$4:$A$500>=TODAY()-30)*('Workout Log'!$A$4:$A$500<>"")*(IFERROR(VLOOKUP('Workout Log'!K$4:K$500,'Exercise Library'!$B$4:$D$200,3,FALSE()),"")=A20))+SUMPRODUCT(('Workout Log'!$A$4:$A$500>=TODAY()-30)*('Workout Log'!$A$4:$A$500<>"")*(IFERROR(VLOOKUP('Workout Log'!L$4:L$500,'Exercise Library'!$B$4:$C$200,2,FALSE()),"")=A20))+SUMPRODUCT(('Workout Log'!$A$4:$A$500>=TODAY()-30)*('Workout Log'!$A$4:$A$500<>"")*(IFERROR(VLOOKUP('Workout Log'!L$4:L$500,'Exercise Library'!$B$4:$D$200,3,FALSE()),"")=A20))+SUMPRODUCT(('Workout Log'!$A$4:$A$500>=TODAY()-30)*('Workout Log'!$A$4:$A$500<>"")*(IFERROR(VLOOKUP('Workout Log'!M$4:M$500,'Exercise Library'!$B$4:$C$200,2,FALSE()),"")=A20))+SUMPRODUCT(('Workout Log'!$A$4:$A$500>=TODAY()-30)*('Workout Log'!$A$4:$A$500<>"")*(IFERROR(VLOOKUP('Workout Log'!M$4:M$500,'Exercise Library'!$B$4:$D$200,3,FALSE()),"")=A20)) -> 0 | E20: =SUMPRODUCT(('Workout Log'!$A$4:$A$500>0)*('Workout Log'!$A$4:$A$500<>"")*(IFERROR(VLOOKUP('Workout Log'!F$4:F$500,'Exercise Library'!$B$4:$C$200,2,FALSE()),"")=A20))+SUMPRODUCT(('Workout Log'!$A$4:$A$500>0)*('Workout Log'!$A$4:$A$500<>"")*(IFERROR(VLOOKUP('Workout Log'!F$4:F$500,'Exercise Library'!$B$4:$D$200,3,FALSE()),"")=A20))+SUMPRODUCT(('Workout Log'!$A$4:$A$500>0)*('Workout Log'!$A$4:$A$500<>"")*(IFERROR(VLOOKUP('Workout Log'!G$4:G$500,'Exercise Library'!$B$4:$C$200,2,FALSE()),"")=A20))+SUMPRODUCT(('Workout Log'!$A$4:$A$500>0)*('Workout Log'!$A$4:$A$500<>"")*(IFERROR(VLOOKUP('Workout Log'!G$4:G$500,'Exercise Library'!$B$4:$D$200,3,FALSE()),"")=A20))+SUMPRODUCT(('Workout Log'!$A$4:$A$500>0)*('Workout Log'!$A$4:$A$500<>"")*(IFERROR(VLOOKUP('Workout Log'!H$4:H$500,'Exercise Library'!$B$4:$C$200,2,FALSE()),"")=A20))+SUMPRODUCT(('Workout Log'!$A$4:$A$500>0)*('Workout Log'!$A$4:$A$500<>"")*(IFERROR(VLOOKUP('Workout Log'!H$4:H$500,'Exercise Library'!$B$4:$D$200,3,FALSE()),"")=A20))+SUMPRODUCT(('Workout Log'!$A$4:$A$500>0)*('Workout Log'!$A$4:$A$500<>"")*(IFERROR(VLOOKUP('Workout Log'!I$4:I$500,'Exercise Library'!$B$4:$C$200,2,FALSE()),"")=A20))+SUMPRODUCT(('Workout Log'!$A$4:$A$500>0)*('Workout Log'!$A$4:$A$500<>"")*(IFERROR(VLOOKUP('Workout Log'!I$4:I$500,'Exercise Library'!$B$4:$D$200,3,FALSE()),"")=A20))+SUMPRODUCT(('Workout Log'!$A$4:$A$500>0)*('Workout Log'!$A$4:$A$500<>"")*(IFERROR(VLOOKUP('Workout Log'!J$4:J$500,'Exercise Library'!$B$4:$C$200,2,FALSE()),"")=A20))+SUMPRODUCT(('Workout Log'!$A$4:$A$500>0)*('Workout Log'!$A$4:$A$500<>"")*(IFERROR(VLOOKUP('Workout Log'!J$4:J$500,'Exercise Library'!$B$4:$D$200,3,FALSE()),"")=A20))+SUMPRODUCT(('Workout Log'!$A$4:$A$500>0)*('Workout Log'!$A$4:$A$500<>"")*(IFERROR(VLOOKUP('Workout Log'!K$4:K$500,'Exercise Library'!$B$4:$C$200,2,FALSE()),"")=A20))+SUMPRODUCT(('Workout Log'!$A$4:$A$500>0)*('Workout Log'!$A$4:$A$500<>"")*(IFERROR(VLOOKUP('Workout Log'!K$4:K$500,'Exercise Library'!$B$4:$D$200,3,FALSE()),"")=A20))+SUMPRODUCT(('Workout Log'!$A$4:$A$500>0)*('Workout Log'!$A$4:$A$500<>"")*(IFERROR(VLOOKUP('Workout Log'!L$4:L$500,'Exercise Library'!$B$4:$C$200,2,FALSE()),"")=A20))+SUMPRODUCT(('Workout Log'!$A$4:$A$500>0)*('Workout Log'!$A$4:$A$500<>"")*(IFERROR(VLOOKUP('Workout Log'!L$4:L$500,'Exercise Library'!$B$4:$D$200,3,FALSE()),"")=A20))+SUMPRODUCT(('Workout Log'!$A$4:$A$500>0)*('Workout Log'!$A$4:$A$500<>"")*(IFERROR(VLOOKUP('Workout Log'!M$4:M$500,'Exercise Library'!$B$4:$C$200,2,FALSE()),"")=A20))+SUMPRODUCT(('Workout Log'!$A$4:$A$500>0)*('Workout Log'!$A$4:$A$500<>"")*(IFERROR(VLOOKUP('Workout Log'!M$4:M$500,'Exercise Library'!$B$4:$D$200,3,FALSE()),"")=A20)) -> 0 | F20: =IF(E20=0,"Never",IFERROR(TODAY()-MAX(B20*0+TODAY()-7),"N/A")) -> Never | G20: 2 | H20: =MAX(0, G20-B20) -> 2

Sheet Need Vector
A1: NEED VECTOR & EXERCISE SCORING
A2: Each exercise scored by how well it covers your current movement pattern deficits
A4: CURRENT NEED VECTOR
A5: Pattern Dimension | B5: Deficit Score | C5: Weight (normalized)
A6: ='Pattern Tracker'!A7 -> Squat | B6: ='Pattern Tracker'!H7 -> 2 | C6: =IF(SUM(B6:B19)=0, 1/14, B6/SUM(B6:B19)) -> 0.071428571
A7: ='Pattern Tracker'!A8 -> Hinge | B7: ='Pattern Tracker'!H8 -> 2 | C7: =IF(SUM(B6:B19)=0, 1/14, B7/SUM(B6:B19)) -> 0.071428571
A8: ='Pattern Tracker'!A9 -> Push (Horizontal) | B8: ='Pattern Tracker'!H9 -> 2 | C8: =IF(SUM(B6:B19)=0, 1/14, B8/SUM(B6:B19)) -> 0.071428571
A9: ='Pattern Tracker'!A10 -> Push (Vertical) | B9: ='Pattern Tracker'!H10 -> 2 | C9: =IF(SUM(B6:B19)=0, 1/14, B9/SUM(B6:B19)) -> 0.071428571
A10: ='Pattern Tracker'!A11 -> Pull (Horizontal) | B10: ='Pattern Tracker'!H11 -> 2 | C10: =IF(SUM(B6:B19)=0, 1/14, B10/SUM(B6:B19)) -> 0.071428571
A11: ='Pattern Tracker'!A12 -> Pull (Vertical) | B11: ='Pattern Tracker'!H12 -> 2 | C11: =IF(SUM(B6:B19)=0, 1/14, B11/SUM(B6:B19)) -> 0.071428571
A12: ='Pattern Tracker'!A13 -> Olympic - Snatch | B12: ='Pattern Tracker'!H13 -> 2 | C12: =IF(SUM(B6:B19)=0, 1/14, B12/SUM(B6:B19)) -> 0.071428571
A13: ='Pattern Tracker'!A14 -> Olympic - Clean | B13: ='Pattern Tracker'!H14 -> 2 | C13: =IF(SUM(B6:B19)=0, 1/14, B13/SUM(B6:B19)) -> 0.071428571
A14: ='Pattern Tracker'!A15 -> Olympic - Jerk | B14: ='Pattern Tracker'!H15 -> 2 | C14: =IF(SUM(B6:B19)=0, 1/14, B14/SUM(B6:B19)) -> 0.071428571
A15: ='Pattern Tracker'!A16 -> Monostructural | B15: ='Pattern Tracker'!H16 -> 2 | C15: =IF(SUM(B6:B19)=0, 1/14, B15/SUM(B6:B19)) -> 0.071428571
A16: ='Pattern Tracker'!A17 -> Midline | B16: ='Pattern Tracker'!H17 -> 2 | C16: =IF(SUM(B6:B19)=0, 1/14, B16/SUM(B6:B19)) -> 0.071428571
A17: ='Pattern Tracker'!A18 -> Loaded Carry | B17: ='Pattern Tracker'!H18 -> 2 | C17: =IF(SUM(B6:B19)=0, 1/14, B17/SUM(B6:B19)) -> 0.071428571
A18: ='Pattern Tracker'!A19 -> Plyometric | B18: ='Pattern Tracker'!H19 -> 2 | C18: =IF(SUM(B6:B19)=0, 1/14, B18/SUM(B6:B19)) -> 0.071428571
A19: ='Pattern Tracker'!A20 -> Accessory | B19: ='Pattern Tracker'!H20 -> 2 | C19: =IF(SUM(B6:B19)=0, 1/14, B19/SUM(B6:B19)) -> 0.071428571
A20: TOTAL | B20: =SUM(B6:B19) -> 28 | C20: =SUM(C6:C19) -> 1
A23: EXERCISE COVERAGE SCORES
A24: Exercise | B24: Primary Pattern Match | C24: Secondary Pattern Match | D24: Coverage Score | E24: Rank
A25: =IF('Exercise Library'!B4="","", 'Exercise Library'!B4) -> Back Squat | B25: =IF(A25="","", 'Exercise Library'!C4) -> Squat | C25: =IF(A25="","", 'Exercise Library'!D4) -> 0 | D25: =IF(A25="","",IFERROR(VLOOKUP(B25,$A$6:$C$19,3,FALSE()),0)+0.5*IFERROR(VLOOKUP(C25,$A$6:$C$19,3,FALSE()),0)) -> 0.071428571 | E25: =IF(A25="","",RANK(D25,$D$25:$D$84,0)) -> 36
A26: =IF('Exercise Library'!B5="","", 'Exercise Library'!B5) -> Front Squat | B26: =IF(A26="","", 'Exercise Library'!C5) -> Squat | C26: =IF(A26="","", 'Exercise Library'!D5) -> 0 | D26: =IF(A26="","",IFERROR(VLOOKUP(B26,$A$6:$C$19,3,FALSE()),0)+0.5*IFERROR(VLOOKUP(C26,$A$6:$C$19,3,FALSE()),0)) -> 0.071428571 | E26: =IF(A26="","",RANK(D26,$D$25:$D$84,0)) -> 36
A27: =IF('Exercise Library'!B6="","", 'Exercise Library'!B6) -> Overhead Squat | B27: =IF(A27="","", 'Exercise Library'!C6) -> Squat | C27: =IF(A27="","", 'Exercise Library'!D6) -> Push (Vertical) | D27: =IF(A27="","",IFERROR(VLOOKUP(B27,$A$6:$C$19,3,FALSE()),0)+0.5*IFERROR(VLOOKUP(C27,$A$6:$C$19,3,FALSE()),0)) -> 0.10714286 | E27: =IF(A27="","",RANK(D27,$D$25:$D$84,0)) -> 1
A28: =IF('Exercise Library'!B7="","", 'Exercise Library'!B7) -> Air Squat | B28: =IF(A28="","", 'Exercise Library'!C7) -> Squat | C28: =IF(A28="","", 'Exercise Library'!D7) -> 0 | D28: =IF(A28="","",IFERROR(VLOOKUP(B28,$A$6:$C$19,3,FALSE()),0)+0.5*IFERROR(VLOOKUP(C28,$A$6:$C$19,3,FALSE()),0)) -> 0.071428571 | E28: =IF(A28="","",RANK(D28,$D$25:$D$84,0)) -> 36
A29: =IF('Exercise Library'!B8="","", 'Exercise Library'!B8) -> Pistol Squat | B29: =IF(A29="","", 'Exercise Library'!C8) -> Squat | C29: =IF(A29="","", 'Exercise Library'!D8) -> Midline | D29: =IF(A29="","",IFERROR(VLOOKUP(B29,$A$6:$C$19,3,FALSE()),0)+0.5*IFERROR(VLOOKUP(C29,$A$6:$C$19,3,FALSE()),0)) -> 0.10714286 | E29: =IF(A29="","",RANK(D29,$D$25:$D$84,0)) -> 1
A30: =IF('Exercise Library'!B9="","", 'Exercise Library'!B9) -> Wall Ball | B30: =IF(A30="","", 'Exercise Library'!C9) -> Squat | C30: =IF(A30="","", 'Exercise Library'!D9) -> Push (Vertical) | D30: =IF(A30="","",IFERROR(VLOOKUP(B30,$A$6:$C$19,3,FALSE()),0)+0.5*IFERROR(VLOOKUP(C30,$A$6:$C$19,3,FALSE()),0)) -> 0.10714286 | E30: =IF(A30="","",RANK(D30,$D$25:$D$84,0)) -> 1
A31: =IF('Exercise Library'!B10="","", 'Exercise Library'!B10) -> Thruster | B31: =IF(A31="","", 'Exercise Library'!C10) -> Squat | C31: =IF(A31="","", 'Exercise Library'!D10) -> Push (Vertical) | D31: =IF(A31="","",IFERROR(VLOOKUP(B31,$A$6:$C$19,3,FALSE()),0)+0.5*IFERROR(VLOOKUP(C31,$A$6:$C$19,3,FALSE()),0)) -> 0.10714286 | E31: =IF(A31="","",RANK(D31,$D$25:$D$84,0)) -> 1
A32: =IF('Exercise Library'!B11="","", 'Exercise Library'!B11) -> Deadlift | B32: =IF(A32="","", 'Exercise Library'!C11) -> Hinge | C32: =IF(A32="","", 'Exercise Library'!D11) -> 0 | D32: =IF(A32="","",IFERROR(VLOOKUP(B32,$A$6:$C$19,3,FALSE()),0)+0.5*IFERROR(VLOOKUP(C32,$A$6:$C$19,3,FALSE()),0)) -> 0.071428571 | E32: =IF(A32="","",RANK(D32,$D$25:$D$84,0)) -> 36
A33: =IF('Exercise Library'!B12="","", 'Exercise Library'!B12) -> Romanian Deadlift | B33: =IF(A33="","", 'Exercise Library'!C12) -> Hinge | C33: =IF(A33="","", 'Exercise Library'!D12) -> 0 | D33: =IF(A33="","",IFERROR(VLOOKUP(B33,$A$6:$C$19,3,FALSE()),0)+0.5*IFERROR(VLOOKUP(C33,$A$6:$C$19,3,FALSE()),0)) -> 0.071428571 | E33: =IF(A33="","",RANK(D33,$D$25:$D$84,0)) -> 36
A34: =IF('Exercise Library'!B13="","", 'Exercise Library'!B13) -> Kettlebell Swing | B34: =IF(A34="","", 'Exercise Library'!C13) -> Hinge | C34: =IF(A34="","", 'Exercise Library'!D13) -> Midline | D34: =IF(A34="","",IFERROR(VLOOKUP(B34,$A$6:$C$19,3,FALSE()),0)+0.5*IFERROR(VLOOKUP(C34,$A$6:$C$19,3,FALSE()),0)) -> 0.10714286 | E34: =IF(A34="","",RANK(D34,$D$25:$D$84,0)) -> 1
A35: =IF('Exercise Library'!B14="","", 'Exercise Library'!B14) -> GHD Hip Extension | B35: =IF(A35="","", 'Exercise Library'!C14) -> Hinge | C35: =IF(A35="","", 'Exercise Library'!D14) -> Midline | D35: =IF(A35="","",IFERROR(VLOOKUP(B35,$A$6:$C$19,3,FALSE()),0)+0.5*IFERROR(VLOOKUP(C35,$A$6:$C$19,3,FALSE()),0)) -> 0.10714286 | E35: =IF(A35="","",RANK(D35,$D$25:$D$84,0)) -> 1
A36: =IF('Exercise Library'!B15="","", 'Exercise Library'!B15) -> Single-Leg RDL | B36: =IF(A36="","", 'Exercise Library'!C15) -> Hinge | C36: =IF(A36="","", 'Exercise Library'!D15) -> 0 | D36: =IF(A36="","",IFERROR(VLOOKUP(B36,$A$6:$C$19,3,FALSE()),0)+0.5*IFERROR(VLOOKUP(C36,$A$6:$C$19,3,FALSE()),0)) -> 0.071428571 | E36: =IF(A36="","",RANK(D36,$D$25:$D$84,0)) -> 36
... A84: =IF('Exercise Library'!B63="","", 'Exercise Library'!B63) -> Echo Bike | B84: =IF(A84="","", 'Exercise Library'!C63) -> Monostructural | C84: =IF(A84="","", 'Exercise Library'!D63) -> 0 | D84: =IF(A84="","",IFERROR(VLOOKUP(B84,$A$6:$C$19,3,FALSE()),0)+0.5*IFERROR(VLOOKUP(C84,$A$6:$C$19,3,FALSE()),0)) -> 0.071428571 | E84: =IF(A84="","",RANK(D84,$D$25:$D$84,0)) -> 36

Sheet Config
A1: CONFIGURATION & REFERENCE
A3: Movement Patterns | C3: Equipment | E3: WOD Formats | G3: Energy Systems
A4: Squat | C4: Barbell | E4: For Time | G4: Phosphagen
A5: Hinge | C5: Dumbbell | E5: AMRAP | G5: Glycolytic
A6: Push (Horizontal) | C6: Kettlebell | E6: EMOM | G6: Oxidative
A7: Push (Vertical) | C7: Bodyweight | E7: Rounds + Reps | G7: Mixed
A8: Pull (Horizontal) | C8: Machine | E8: Heavy Single
A9: Pull (Vertical) | C9: Rig/Bar | E9: Rep Scheme
A10: Olympic - Snatch | C10: Rower | E10: Tabata
A11: Olympic - Clean | C11: Bike | E11: Chipper
A12: Olympic - Jerk | C12: Ski Erg | E12: Ladder
A13: Monostructural | C13: Sled | E13: Other
A14: Midline | C14: Jump Rope
A15: Loaded Carry | C15: Medicine Ball
A16: Plyometric | C16: Sandbag
A17: Accessory | C17: None
A20: HOW TO USE
A21: 1. Add your exercises to the Exercise Library tab (or use the pre-loaded ones)
A22: 2. Log each workout in the Workout Log tab - pick exercises from the dropdown
A23: 3. The Pattern Tracker automatically counts pattern frequency over rolling windows
A24: 4. Adjust the "Ideal Freq / 7d" column in Pattern Tracker to your programming goals
A25: 5. The Need Vector tab scores every exercise by how well it fills your gaps
A26: 6. The Dashboard shows your top recommendations and overall balance
A27: 7. To add new pattern dimensions: add rows to Pattern Tracker and Config
